pdate,EColiValue,jday,AirTemp,AlgaeNearshore,AlgaeOnBeach,PeopleInWater,PeopleOnBeach,Sc,TotalNoOfBirds,TurbidityBeach,WaterTemp,WaveHeightManual,AirTemp12,AirTemp1,AirTemp24,AirTemp2,AirTemp6,Clouds12,Clouds1,Clouds24,Clouds2,Clouds6,VelParlDepth12,VelParlDepth1,VelParlDepth24,VelParlDepth2,VelParlDepth6,VelPerpDepth12,VelPerpDepth1,VelPerpDepth24,VelPerpDepth2,VelPerpDepth6,WatLev12,WatLev1,WatLev24,WindParl12,WindParl1,WindParl24,WindParl2,WindParl6,VelParlSurf12,VelParlSurf1,VelParlSurf24,VelParlSurf2,VelParlSurf6,WindPerp12,WindPerp1,WindPerp24,WindPerp2,WindPerp6,VelPerpSurf12,VelPerpSurf1,VelPerpSurf24,VelPerpSurf2,VelPerpSurf6,WatTemp144,WatTemp1,WatTemp24,WatTemp336,WatTemp6,WatTemp72,WaveHt12,WaveHt1,WaveHt24,WaveHt2,WaveHt6,Trib_Q_mtwc_,Trib_SC_mtwc,Trib_Turb_mtwc,Trib_SC_SS,Trib_Turb_SS,Trib_GH_SS,Rain120,Rain12,Rain1,Rain24,Rain2,Rain336,Rain48,Rain6,Rain72,WaveDir,WaveDirOne,diffWatLev24
6/1/2010 14:01,14.8,152,23.1,2,2,0,2,186.6,50,,21.1,1.33,16.188076,17.5757585,16.07094264,17.61674267,17.39385214,0.028038418,0,0.108354095,0,0.000482546,0.073010914,0.098909023,0.055504549,0.094891155,0.084226643,0.009582852,0.013730952,0.006798436,0.012485229,0.010170899,-0.002841111,-0.007890347,-0.002799996,4.612958729,9.137308181,2.316575037,8.541301777,6.531740955,0.101975732,0.243692213,0.078795023,0.222649866,0.154023869,0.541043541,-2.834265628,0.121741922,-3.060625974,-1.437637782,0.06693337,0.025599351,0.033850719,0.022347105,0.038548695,15.37734885,15.0666905,15.60739678,13.4236492,15.042092,15.6796512,0.303955748,0.69908225,0.213951065,0.624377033,0.41502621,201,413,,1303,,12.14,1.99999998,0,0,0.62499998,0,9.152486535,0.62499998,0,1.99999998,352.4662,1,0.019198058
6/2/2010 10:26,19.9,153,9.9,1,1,0,0,313,15,,16.7,2,13.10127277,11.456859,15.19030976,11.28435667,11.70391943,0.329264628,0.66449513,0.182157329,0.72181962,0.448663516,0.104432214,0.034135766,0.115504804,0.045483312,0.078637532,0.004425879,-0.006591564,0.007711574,-0.003885644,0.002635612,-0.006918592,-0.004898594,-0.007077085,-3.090795691,-7.448952166,1.850127681,-7.307297138,-5.771549724,0.065401656,-0.069251626,0.153398585,-0.059716625,-0.020610007,0.023347908,-0.438551361,-1.128997887,-0.46393082,-0.101478756,0.034723909,-0.077800313,0.044031737,-0.068716659,-0.021113584,15.32617085,13.132205,14.29568467,13.63488923,13.42160467,15.15449256,0.21005348,0.327163945,0.418662967,0.301992453,0.176345217,168,693,,1087,,12.117,1.99999998,0,0,0,0,9.152486535,0.62499998,0,0.62499998,211.29108,1,0.017024187
6/3/2010 10:10,13.4,154,18.9,2,2,0,0,317,50,,15.7,0.33,12.23583515,14.2305485,11.98099862,13.95822267,13.041024,0.293991317,0.24234518,0.570682479,0.394560533,0.320615812,-0.08861447,-0.080915981,-0.074801357,-0.081012369,-0.084457767,-0.007375994,-0.014569116,-0.011661182,-0.013606953,-0.010837544,0.001430041,0.000875901,0.000607988,-4.466631404,-4.058160575,-5.495179985,-4.261124837,-4.263299113,-0.134923323,-0.140610827,-0.13282433,-0.139947893,-0.134458063,1.663151399,-0.334117801,0.801126855,-0.222574998,1.353808837,-0.021262446,-0.058989923,-0.046363486,-0.049622807,-0.023933316,15.08371931,13.9560125,13.50763767,13.75563282,13.909601,14.5229937,0.282104923,0.276326,0.330884125,0.2847791,0.288114977,145,374,,1346,,12,3.26374328,0,0,1.2637433,0,10.41622984,1.2637433,0,1.88874328,241.90355,1,0.018581462
6/4/2010 10:03,2,155,10.6,2,2,0,0,166.7,50,,14.4,0.5,13.65643054,13.3074165,14.16506612,13.38861933,13.65531643,0.548653304,0.99995047,0.412516729,0.9776694,0.930753399,-0.024331783,-0.01505049,-0.040054736,-0.016719366,-0.020552913,-0.009815127,-0.012111635,-0.010701778,-0.012326789,-0.011203959,0.000789538,0.002475297,0.001979236,3.31357721,6.329946765,2.56589631,5.687874709,4.123671755,-0.021709689,0.094748743,-0.007726772,0.077371792,0.011850284,-0.177722665,-2.227150638,-1.413059778,-2.701612506,-2.078949788,0.001033251,-0.054448634,-0.023591598,-0.062699951,-0.049788097,14.93963508,14.3486705,14.64752322,13.91496341,14.40616133,14.20114688,0.204571458,0.427538635,0.193800131,0.38666183,0.26811069,139,364,,350,,12.17,5.041229871,3.152486591,1.8887433,3.152486591,2.8887433,12.45745974,4.416229891,3.1387433,4.416229891,344.06485,1,0.018623842
6/7/2010 11:00,27.5,158,13.4,2,2,3,50,346,5,,18.9,1,13.00682646,14.221185,13.71923656,13.977107,13.30595243,0.36919495,0.05306587,0.566350409,0.035377247,0.33065691,-0.086375103,-0.108360804,-0.059927622,-0.108335974,-0.10127881,-0.004714107,-0.019471866,-0.006335813,-0.018493196,-0.012687447,0.00685204,0.014359117,0.005592305,-3.549075126,-1.096775751,-4.194729455,-1.81972618,-3.077648672,-0.127370077,-0.107768996,-0.112839682,-0.122659088,-0.154751011,0.081321147,-2.209536362,0.004560114,-2.130945008,-1.125052498,-0.030955376,-0.139181678,-0.044149851,-0.132751073,-0.079057506,14.50445373,15.14139675,15.06352233,14.54527323,15.07277717,14.80275068,0.350219253,0.28719297,0.426257744,0.296864657,0.30692367,166,653,,1045,,12.17,19.81871659,0,0,0,0,26.0137434,12.31871654,0,15.4024867,243.73631,1,0.020740339
6/8/2010 17:23,76.3,159,16.1,1,1,0,0,287,0,,16.1,3.5,13.28341715,13.137767,13.31583776,13.213447,13.42912357,0.739256508,0.99912615,0.384413384,0.999417433,0.984275157,0.009790767,0.059070235,-0.018968261,0.054626848,0.033293504,-0.006288116,0.00537346,-0.013443364,0.005643196,0.001767488,0.008574531,0.013608386,0.005657071,4.359893092,6.142492143,2.859142877,6.299743485,6.190671132,0.069594215,0.142156493,0.005974484,0.141860488,0.147201403,-4.926478616,-7.454728189,-2.058109496,-7.552453617,-6.253963795,-0.054807091,-0.027531063,-0.013638634,-0.024919858,-0.027917606,14.80719304,14.878104,15.56594311,14.83570549,14.87303967,15.3403672,0.558032458,1.05314135,0.364012686,1.009662643,0.837668109,160,650,,206,,12.542,24.55497325,5.99999996,1.75,5.99999996,2.52748656,32.01374336,5.99999996,5.99999996,18.3187165,311.50537,1,0.032146857
6/9/2010 18:33,8.5,160,24.2,2,2,3,3,270,200,,18.9,0.5,17.14201738,17.71796,15.61959976,17.81749833,18.06810957,0.370442964,0.37370511,0.636746251,0.461646707,0.413713872,0.13461606,0.141731696,0.136681049,0.144316518,0.141994127,0.016262751,0.020278087,0.014577087,0.021172903,0.021226374,-0.013687561,-0.01209914,-0.007234023,1.799273778,-0.635690332,3.855180775,-0.440235448,1.821933871,0.145579554,0.15303314,0.184853585,0.161106036,0.180541566,7.714049932,9.805992528,2.76465769,9.983335888,9.269740476,0.146047758,0.137217232,0.083347463,0.142409305,0.142871843,14.86004341,14.5396995,14.18036344,14.94274091,14.999817,15.01790302,0.347926961,0.43795094,0.852506102,0.440831117,0.438886329,176,659,6.7,855,3.86,12.13,24.44240604,0,0,6.12368954,0,36.8874329,12.1236895,0,12.1236895,88.15338,1,0.017577702
6/10/2010 11:25,10.9,161,15.6,3,2,0,0,386,0,4.33,16.7,0.25,14.68416673,15.61168075,16.07432446,15.41007183,14.63237379,0.033538591,0.114571968,0.139173763,0.076860196,0.03318621,0.074745936,0.06062426,0.1027506,0.061962878,0.064495822,0.018442584,0.020577102,0.018746881,0.020979017,0.020989181,-0.005168392,-0.005285095,-0.008944473,-2.202444427,-2.222467534,-0.600536145,-2.588715502,-3.246684064,0.036497176,0.020354486,0.090230928,0.022281402,0.028686471,3.056964045,-0.280876305,5.459759677,-0.053875389,1.863913957,0.041136399,0.008554865,0.08407874,0.014097277,0.029320422,14.6196188,12.7636075,13.54926756,14.8613451,12.761021,14.46915646,0.15866036,0.079718559,0.256077657,0.102364516,0.162573238,191,700,13.3,944,2.46,12.17,24.44240604,0,0,0,0,33.94240607,12.1236895,0,12.1236895,156.61282,1,0.048357945
6/14/2010 11:00,22.6,165,16.3,2,2,0,0,341,30,4.01,19,1,15.13430531,15.0484075,15.67487008,14.978367,15.11508414,0.950702273,0.94238528,0.903484946,0.938640053,0.913482461,-0.033419034,-0.042059292,-0.046560436,-0.039965141,-0.035456336,-0.014583157,-0.020362228,-0.01846399,-0.018454247,-0.015149997,0.004861086,0.007008885,0.006563306,-2.478692058,-5.225331927,-0.744335431,-4.862825885,-4.215997593,-0.072836742,-0.094448601,-0.029279456,-0.099431345,-0.106218354,-0.210937571,-1.982748386,-1.372781222,-1.665658712,-1.212855733,-0.025339775,-0.16351381,-0.039444401,-0.151727341,-0.090117327,14.59911202,15.3881705,15.64174733,14.72293711,15.39002233,15.10100006,0.090058785,0.202224525,0.095901176,0.188583923,0.132612892,216,674,16.3,973,2.96,12.17,16.24149824,0,0,1.38874326,0,48.80890431,1.38874326,0,8.55890426,215.50105,1,0.027582536
6/15/2010 9:55,1119.9,166,19.3,3,3,0,1,233,0,5.68,17,0.75,15.26311923,15.642678,15.11070068,15.56147333,15.48031471,0.974248897,1,0.952055881,1,1,-0.082050297,-0.053803478,-0.075035998,-0.057489638,-0.070038219,-0.015513023,-0.00718737,-0.019259667,-0.00767682,-0.011554051,0.009207003,0.009909844,0.007614037,-2.092272371,0.554467415,-3.872164605,0.567696922,0.19947231,-0.081190907,0.000516607,-0.088811765,-0.003163695,-0.033766956,-2.377041424,-3.95527497,-2.13094398,-3.792019466,-3.529985733,-0.059900248,-0.038666362,-0.085786735,-0.044596731,-0.061356595,14.78627949,15.3704215,15.31620844,14.68984528,15.20063967,15.23060526,0.333367863,0.299923895,0.327817819,0.288631607,0.290651971,386,329,42.1,212,1.62,12.25,16.38024154,0,0,0.1387433,0,48.32264763,1.52748656,0,1.52748656,250.18204,1,0.017426573
6/16/2010 9:45,2419.6,167,20.5,4,3,0,1,331,1,11.8,17.8,0.5,15.22970015,15.4932925,15.18390444,15.36941967,15.200143,0.991827185,1,0.981133541,1,0.994970934,-0.062681915,-0.055033148,-0.055552875,-0.055996183,-0.062246011,-0.012965629,-0.013152663,-0.012419067,-0.012497312,-0.011624541,0.007305467,0.013150462,0.007053653,-2.326288552,-1.962205874,-2.189560349,-1.810302484,-1.466079177,-0.10730975,-0.127563798,-0.081520646,-0.123959794,-0.122215949,4.147662776,6.2660827,1.297570824,6.119057087,5.034448143,0.002215532,0.045847805,-0.02207949,0.047339784,0.035366895,15.09376118,15.39462,15.74044222,14.76708954,15.56176,15.54861728,0.25377592,0.23926335,0.34475655,0.22347811,0.175950201,1130,,,,,13.17,88.62698092,3.6099462,0,79.2768468,0,127.5994944,79.4155901,0,80.80433336,121.96286,1,0.023928416
6/17/2010 9:45,1299.7,168,15.4,2,2,0,0,594,5,8.92,18.2,0.5,15.04591627,15.997674,15.59940906,15.82643633,15.07849443,0.561876015,0.001750635,0.76357247,0.283901257,0.466021524,-0.040573128,-0.023296252,-0.051793358,-0.02551005,-0.030911723,-0.024409743,-0.016946729,-0.023413494,-0.017443041,-0.021184492,0.005738888,0.002216161,0.00632081,1.911463026,1.650832976,0.28413522,1.884430553,1.353322946,-0.014495628,-0.037489261,-0.056957176,-0.045569954,-0.041184306,-1.529588552,-3.831462817,0.019490945,-3.596610628,-2.065905626,-0.006944768,-0.045708692,-0.018768539,-0.033208273,0.002250249,15.27649477,15.108806,15.34027978,14.90763329,15.14448967,15.47239308,0.090169549,0.12267287,0.167497866,0.10781925,0.102578544,880,431,39,828,9.34,12.42,80.80433336,0,0,0,0,126.3357511,79.2768468,0,79.4155901,320.01303,1,0.018173438
6/21/2010 11:10,45.7,172,23.2,2,2,0,0,162,6,5.65,17.9,0.33,16.91448054,18.629533,17.34823236,18.359622,17.33379286,0.018313096,0.03560803,0.056468714,0.023820669,0.012717727,0.056931336,0.057032958,0.047283008,0.05771229,0.05929099,0.009258366,0.009823912,0.013154114,0.00945426,0.008517172,-0.003384088,-0.003381422,-0.002889431,1.834157489,2.960452825,2.503988766,2.646285089,1.798619312,0.052296182,0.07550769,0.083838882,0.062044346,0.036263234,-0.404906429,-2.739423537,-1.466136377,-2.796424556,-2.586265,0.024447505,-0.048320154,0.0241245,-0.04592728,-0.014885635,15.06175186,15.6920215,15.16325378,14.93542998,15.632351,14.5608921,0.111595217,0.108890903,0.132788769,0.108158392,0.094512656,731,275,26.1,885,8.82,12.17,0.846203051,0,0,0,0,108.6269809,0,0,0,338.1548,1,0.021130368
6/22/2010 11:35,488.4,173,28.7,2,2,3,3,199,0,5.99,19.2,1,18.18269638,19.9209595,18.44704064,19.59200667,18.42811486,0.240566938,0.040532112,0.328304284,0.044774593,0.058404875,0.057613987,0.049174761,0.056872446,0.050647589,0.054203307,0.007254507,0.002041529,0.010847997,0.002480606,0.004060678,-0.003531796,0.00065357,-0.003244256,0.435343237,0.981224099,1.475947413,1.112151133,0.062375971,0.042093988,0.019615118,0.102545323,0.018866608,0.01242614,4.232607177,5.272154751,0.753681767,5.293950757,4.539364371,0.062459502,0.032693873,0.047532006,0.027582816,0.023257529,15.09653565,14.2744375,15.980456,14.94048247,14.21687,14.67605706,0.158780555,0.15355626,0.147063361,0.152880313,0.135598044,724,463,8.22,389,5.99,12.17,7.108635952,5.72120304,0,6.262432901,0,114.8894138,6.262432901,0,6.262432901,93.02045,1,0.014870793
6/23/2010 14:30,2419.6,174,,,,,,,,,,,19.82782538,20.7737535,20.00261272,20.54373433,19.96459671,0.53147251,0.633916375,0.276552386,0.6784359,0.65289461,0.055357124,0.062807877,0.053493791,0.064471155,0.062487344,0.001136188,0.001847381,0.000855935,0.002030852,0.0018263,-0.000119248,0.00245762,-0.001041144,3.487982228,0.115230489,3.941878396,0.055379047,3.152717593,0.069976527,0.028114678,0.073561568,0.044281601,0.073980567,1.602820126,6.317491172,0.895872034,6.44980479,1.884262546,0.056856826,0.099582923,0.055686396,0.102259218,0.075006645,15.14109969,14.812173,15.62654589,15.04831504,14.86723533,15.6554476,0.297615076,0.2843775,0.276097454,0.34482631,0.370687931,764,,,,,,12.70745978,6.44502688,0,6.44502688,0,109.2107512,12.70745978,0.26374328,12.70745978,32.424393,1,0.031618808
6/24/2010 16:06,32.3,175,,1,1,14,,,1,,19.4,2,19.60575085,20.693436,19.81863908,20.828871,20.50287729,0.208628133,0.22455606,0.469940249,0.302682707,0.266009185,0.02654963,0.004230648,0.041602741,0.004790028,0.01295198,-0.007366027,-0.010004756,-0.003720265,-0.009520842,-0.00842328,-0.000819618,0.003117524,-0.000734868,-3.219769872,-2.484071981,-1.430231399,-2.353542007,-3.275884472,-0.043013491,-0.037825841,-0.005566635,-0.037582786,-0.043937011,4.981337207,-0.532352813,4.415594476,1.604763849,3.828058943,0.006473379,-0.023212576,0.022968329,-0.018140517,-0.012235315,14.88010799,14.958266,14.57728111,15.1493376,14.62598767,15.2969082,0.294966673,0.249804715,0.272632097,0.25445466,0.260146969,775,,,,,,13.15248662,0,0,0.44502684,0,109.655778,6.89005372,0,13.15248662,223.4626,1,0.024980431
6/28/2010 9:50,1,179,23.4,1,1,0,0,414,40,3.85,17.5,0.5,19.25817708,19.306158,19.47014288,19.23305267,19.08038243,0.108330447,0.023418795,0.289307164,0.033144947,0.108018654,0.074198424,0.048509524,0.077346103,0.049855251,0.059360156,0.006849772,0.004567152,0.006561549,0.004434602,0.005000688,-0.005498896,-0.006726332,-0.004329079,0.580977034,-0.722213483,2.10615771,-0.68666169,0.076612825,0.04510457,0.025571955,0.090769253,0.030374163,0.048039584,5.282769505,7.46560563,4.397082584,6.985567755,6.082746699,0.021635847,0.051599824,0.052525673,0.044167227,0.021699308,14.74426233,13.76272525,15.56677356,15.02313584,13.87910817,14.334575,0.189188675,0.280254675,0.262509189,0.26328881,0.219007363,717,559,20.3,922,3.75,12,8.61256725,0,0,0,0,101.5818202,8.0562837,0,8.16754041,103.24606,1,0.021156504
6/29/2010 9:45,488.4,180,22.8,4,2,0,0,379,40,10.15,17.5,1,16.49516392,16.664613,17.42764216,16.66987,16.56873629,0.568944309,0.23598196,0.604065149,0.452831717,0.714091341,-0.024482382,-0.043569697,-0.004208116,-0.038332015,-0.027936175,-0.000786927,-0.007848406,0.001811735,-0.005954817,-0.002242627,0.003547152,0.006777008,0.001513558,-3.991139235,-7.893986552,-3.693134912,-7.826070144,-5.742568808,-0.051315332,-0.197583546,-0.042668776,-0.204093016,-0.1457764,1.201805236,-1.100019082,1.130164147,-1.079826979,1.137270383,0.014106025,-0.076558376,0.000163286,-0.054185411,0.02276683,14.50722258,14.2757965,14.06487117,14.94057823,14.55421233,14.51252622,0.403991095,0.60039265,0.372143582,0.550012487,0.37178289,668,557,17.8,1129,2.97,12.08,8.16754041,0,0,0,0,101.4430769,0,0,8.0562837,230.17279,1,0.018732412
6/30/2010 9:30,85.7,181,19,1,1,0,10,381,30,6.48,18.7,0,16.12496858,16.842686,16.67611762,16.63725667,15.8994855,0.015127799,0.043673645,0.123685367,0.029115763,0.012478184,-0.022422229,-0.02546103,-0.043713458,-0.026678935,-0.027108573,-0.001126413,-0.013050944,-0.004720519,-0.011580551,-0.00703681,0.004258754,0.005532576,0.005936793,-2.39919691,-2.098448254,-1.54314319,-2.698249568,-3.803832647,-0.065576981,-0.035813857,-0.051555611,-0.048114947,-0.098433187,2.470677665,-0.705103339,0.84200713,0.310341133,1.467929788,0.009947716,-0.083814393,-0.024388912,-0.079657651,-0.056511703,14.41435085,13.778643,14.17482233,14.82656951,13.94567967,14.66545102,0.264771538,0.13193846,0.458422233,0.169806567,0.222542936,633,583,16.2,773,13.1,12.12,8.16754041,0,0,0,0,22.16623008,0,0,0,188.44424,1,0.027730021
7/1/2010 9:35,41.4,182,20.9,2,2,0,1,411,150,9.72,19.4,0,16.61292346,17.711769,17.30738044,17.35165533,16.46860857,0,0,0.011846202,0,0,0.004494498,0.017969912,-0.009339793,0.015494339,0.011996931,-0.000712033,-0.000471383,-0.006284354,-0.000583189,0.00012684,0.001355052,-0.00027842,0.003887586,3.133579549,3.504663957,2.220201147,3.466786299,2.186317866,0.038117354,0.025175177,0.035605102,0.020524128,0.019708296,-1.862483368,-2.86134309,-1.901518076,-2.088793633,-1.303221037,0.037325072,0.014914744,-0.006699565,0.018751435,0.029954093,14.47059769,14.49244425,15.32030883,14.83726244,14.66014617,14.57230472,0.379624708,0.28977965,0.311506864,0.282949827,0.303792671,604,,,1195,3.76,12.17,8.0562837,0,0,0,0,22.16623008,0,0,0,342.4393,1,0.01852048
7/6/2010 13:01,1203.3,187,,3,2,5,5,349,4,76.7,17.1,1.5,19.74479746,21.7386845,19.77496556,21.517622,20.46815829,0.692194054,0.48217739,0.707423146,0.624364347,0.716354897,0.079338889,0.083391194,0.082585016,0.082488759,0.078712193,0.022986298,0.023309886,0.021612467,0.023534481,0.023233882,-0.005171619,-0.004990826,-0.005311805,5.077603276,5.140980149,5.039173987,5.573415438,5.682347387,0.117223905,0.11876867,0.128783027,0.124212277,0.125479937,-0.958257352,2.642957529,-1.516860657,3.127664078,0.967005201,0.055996279,0.079486173,0.051961653,0.081790218,0.063208088,11.89141866,9.499925,9.726129667,13.43458094,9.369775667,9.95851162,0.717777318,0.68639445,0.606180153,0.709025667,0.734151844,420,,,,,,2.06871654,0,0,2.06871654,0,17.12631067,2.06871654,0,2.06871654,344.70465,1,0.024373563
7/7/2010 11:55,273.3,188,19.4,1,1,0,0,338,0,5.41,15.5,0,19.86754985,20.2183875,20.54278056,20.106177,19.853183,0.369491677,0.344963775,0.352378972,0.344867507,0.430166266,0.054282835,0.027364899,0.068749276,0.029376838,0.039579171,0.019584571,0.014849521,0.021504765,0.015435777,0.017545812,-0.004267208,-0.002616632,-0.005443316,-0.210069926,4.112527958,2.303832859,3.556576786,0.067371254,0.032141355,0.059425417,0.068782149,0.042651691,0.017841199,-0.032446902,-2.313467597,0.60464877,-2.58708487,-0.859835329,0.017756828,-0.033557326,0.041540981,-0.031758326,-0.005025046,11.0633518,10.153971,9.734592556,13.05933241,9.935976,9.68830446,0.127708023,0.13661472,0.366853013,0.127008387,0.113854691,374,614,3.69,960,3.42,12.17,2.06871654,0,0,0,0,10.68128379,2.06871654,0,2.06871654,289.9082,1,0.038351617
7/8/2010 9:00,1986.3,189,22.1,2,2,0,0,489,60,4.92,13.6,0,19.64619954,20.2923255,19.84108716,20.10969833,19.84280186,0.73476013,0.8335383,0.561058094,0.664397007,0.77087435,-0.014864908,-0.010391351,-0.003015892,-0.011593984,-0.014858799,-0.010842816,-0.015496713,-0.001804824,-0.015082233,-0.013900126,-0.001793657,0.002870473,-0.002645119,3.452104647,2.842950083,2.956525272,3.381826602,3.305275375,-0.024128142,-0.026146458,0.014953677,-0.027757097,-0.030170019,0.91966996,2.158222955,-0.874546252,1.63356503,1.299460972,0.020774474,0.014370522,0.018933563,0.015434513,0.020386954,10.6418432,11.4223705,11.70023422,12.89877163,11.49699033,10.35405124,0.229881358,0.214634505,0.196699944,0.21711379,0.232541663,336,612,9.96,920,5.78,12.17,8.55235262,1.03991948,0,6.48363608,0,16.71989303,6.48363608,0.66622986,8.55235262,356.68167,1,0.037904618
7/12/2010 9:10,435.2,193,17.6,2,2,20,20,443,30,7.63,13.4,0,19.47347885,20.776557,20.46349656,20.50068133,19.84708543,0.706595127,0.36429628,0.528116983,0.295168583,0.518331343,0.072718149,0.062560687,0.07167899,0.063346022,0.067284856,0.014312906,0.018564751,0.010518996,0.018373686,0.016791066,-0.002078519,0.002025017,-0.00255261,0.515001393,-3.748052072,2.19651072,-3.216793738,-0.615935414,0.067864373,0.028305279,0.081070959,0.044656496,0.075703226,1.078449931,1.726499032,1.23794895,2.411510209,2.981321193,0.029405433,0.084437145,0.046956503,0.081325505,0.055965316,12.54125829,9.9708545,10.41288,12.60365223,10.022471,13.46147888,0.152892739,0.135624388,0.281754031,0.132784585,0.181281235,174,646,18.9,1080,3.17,12.08,8.134812221,1.096203,0,1.387432861,0,10.20352876,1.651176141,0,1.651176141,139.58649,1,0.021820453
7/13/2010 9:30,2419.6,194,18.6,1,1,0,0,371,20,9.37,16.8,1,19.52756123,20.1488885,20.14605788,19.94913867,19.38023657,0.058183828,0.051261615,0.235888052,0.03417441,0.025367646,0.040332401,0.029523842,0.048371331,0.03018132,0.034830025,0.011993285,0.001661224,0.015036383,0.002984806,0.008378564,-0.001032723,-0.002131594,-0.001613774,-5.115994203,-4.751494688,-4.123829798,-5.060501671,-5.363817207,0.025467014,-0.004153194,0.025449253,-0.009227733,-0.0072556,-0.453099893,-3.302561334,-1.199467385,-2.627899234,-1.217163936,-0.020360489,-0.088756567,-0.021757157,-0.074297843,-0.035936255,13.05887409,13.28003575,12.4127715,12.50808961,13.35205917,12.69123558,0.334396032,0.499639115,0.247668122,0.478517517,0.419724594,159,640,10.35,1117,2.98,12.08,1.651176141,0,0,0,0,10.20352876,1.387432861,0,1.651176141,248.1907,1,0.012891171
7/14/2010 9:10,1732.9,195,18.6,4,2,0,0,557,60,3.78,17.9,0.25,19.99416285,21.8794735,20.498593,21.44305667,20.32840243,0,0,0.087077999,0,0,0.012059214,0.008875191,0.020640516,0.009477539,0.009267279,-0.001049068,-0.003009874,0.001323958,-0.003960316,-0.005835985,0.000167047,0.001132916,-0.000167947,-1.961182214,4.556623495,-2.878207431,3.25287323,-0.378520341,-0.01005191,0.133673378,0.039674238,0.115792161,0.03972186,0.883059239,-1.36379061,-0.990278704,-1.535024784,0.599481046,-0.05197558,-0.048692742,-0.056203061,-0.062657353,-0.093560408,13.76506381,16.4617235,15.7326515,12.6375577,16.37783833,12.95888306,0.307002624,0.23512765,0.442440639,0.246579523,0.270316663,147,668,7.66,1136,2.61,12.08,1.651176141,0,0,0,0,10.20352876,0,0,1.387432861,280.7138,1,0.016459312
7/15/2010 9:10,2419.6,196,23.6,2,1,0,0,308,100,23.8,20,1,21.15616092,21.971378,21.57153312,21.699143,21.12518014,0.881380126,0.90764035,0.578510005,0.7777139,0.86466817,0.084199374,0.175770908,0.044195602,0.16925214,0.131726936,-0.006947096,-0.009682953,-0.004751871,-0.009217241,-0.009122426,-0.006077644,0.004633413,-0.003550729,6.80446445,6.32946072,6.455946902,7.854440234,9.192496398,0.229994432,0.284404015,0.19733302,0.284463237,0.286709624,-1.748472142,3.566045423,-3.020964924,2.279164937,0.090978665,0.053838409,0.093647106,0.041926245,0.085231133,0.085087573,14.05668089,12.7010295,15.406137,12.6240106,13.352629,14.4871717,0.89803409,1.04440455,0.731126227,1.072059033,0.958859777,418,,,1267,50.9,12.67,47.47251298,43.94633684,0,45.82133684,0.44502684,56.0248656,45.82133684,13.85994604,45.82133684,350.1299,1,0.018875637
7/19/2010 9:10,227.9,200,20.6,1,1,0,0,370,52,4.81,15,0.25,20.19902269,20.5708,21.01696916,20.38039233,20.08397429,0.560395141,0.97262045,0.625678829,0.814931967,0.700433077,0.002108353,-0.007033792,0.022129885,-0.005783063,-0.003954138,0.004108332,-0.001095042,0.009388682,-0.000839445,-0.000692832,-0.002561731,0.004154283,-0.002049071,-2.209717768,1.046824056,-1.273319019,1.414380109,-0.231988276,-0.016567356,0.076270858,0.013678829,0.073184257,0.034307622,-0.084033501,-3.242302602,-0.044085304,-3.807487079,-0.255881868,-0.026414078,-0.000963919,-0.011542464,-0.012648485,-0.039100095,12.43712815,12.329714,11.97232,12.29857994,12.22738733,10.7228032,0.265714592,0.26087114,0.295031793,0.235726067,0.186494777,879,693,4.24,898,4.1,12.08,53.66754021,0,0,7.70746008,0,63.87106897,7.81871679,0,7.81871679,251.7769,1,0.023307732
7/20/2010 9:10,2419.6,201,19.9,1,1,0,3,338,52,42.3,19.4,0.5,19.91854077,20.508182,20.60756188,20.278138,19.89570143,0.771078333,0.962690115,0.702506757,0.97407929,0.773598322,-0.012468034,-0.007005425,-0.015425314,-0.008369533,-0.007685456,-0.012001488,-0.011749328,-0.010133042,-0.012031645,-0.01137468,0.002172798,-0.002390121,0.001396415,-0.898155549,2.203453486,0.898689531,-0.234210625,-2.295461643,0.020880737,-0.111924702,0.026163591,-0.105940304,-0.022083714,-1.187850433,-1.041605079,-2.195350736,-1.06869366,-0.463132466,0.001895354,0.009364339,0.008035839,0.027457053,0.053057728,12.27160056,15.0629775,14.36242294,12.64969241,15.118453,12.33403986,0.192700295,0.1186001,0.22838806,0.149385627,0.145077254,1090,416,44.4,468,52.6,12.42,67.70816213,17.31414534,0,59.86195876,0,121.6643112,67.56941884,0,67.68067555,261.5093,1,0.015666526
7/21/2010 8:55,1986.3,202,23.6,2,2,0,0,,75,12.2,19.9,0,20.95798108,21.293403,21.24595812,21.04022,20.80232843,0.159539693,0.07806204,0.358950848,0.063585611,0.033668525,0.045454565,0.05168744,0.027405109,0.052035145,0.051388464,-0.00188788,0.002253329,-0.004663679,0.002139547,0.000213424,-0.00065489,0.004454557,0.000501764,0.153462693,-2.325781318,1.844643452,-2.440974401,-2.211889836,0.037895148,-0.061798353,0.054761281,-0.060029126,-0.046189781,4.644913682,5.549037942,1.381432735,5.262884396,5.354628927,0.097989935,0.025155462,0.021321315,0.030243964,0.068446008,12.20353487,13.2193065,15.38569511,13.06932722,13.69972833,13.93577982,0.30204216,0.25719434,0.279967971,0.251543343,0.243331107,1050,415,20.9,752,14.4,12.17,68.26444571,0.58377016,0,0.58377016,0,122.2480814,60.44572892,0,68.153189,131.03708,1,0.032819831
7/22/2010 8:50,20.1,203,23,1,1,0,0,345,33,2.27,19.2,0,21.26555554,20.634493,22.3552886,20.54665567,20.60717457,0.023922402,0.062503071,0.051135209,0.099184461,0.044272886,0.014630225,-0.000841202,0.026653252,-0.000840955,0.005459218,0.009068507,0.008836764,0.008894394,0.008380931,0.008438863,0.000487191,0.001951402,0.000913967,-0.799638721,0.3700174,-0.804594772,-1.007677932,-1.807287395,-0.036197763,0.029253523,-0.033710247,0.01831705,-0.014678704,2.905642708,-0.151760277,4.272996773,0.176816676,1.763085561,-0.004593381,-0.036323122,0.013870346,-0.039826429,-0.026102667,12.73317764,14.247399,14.24674256,13.25813422,14.308123,14.7322167,0.140028493,0.088901858,0.177191915,0.111790808,0.146510819,1210,429,22.3,924,6.65,12.08,68.26444571,0,0,0,0,115.7644453,0.58377016,0,60.44572892,180.48022,1,0.027629772
7/26/2010 9:10,241.5,207,26.5,1,1,0,1,960,40,3.8,21.6,0,21.07214354,22.196481,21.77336448,21.710707,20.99398157,0.024997054,0,0.035559798,0,0.046423101,0.031189642,0.042416805,0.016799425,0.041925127,0.037484543,-0.001977998,0.000584713,-0.005033945,0.000828657,0.000717696,-0.002427183,-0.002734643,-0.001133953,0.942598397,0.010219894,1.311609443,0.127509025,0.390207053,-0.047843521,-0.02666634,0.013885814,-0.030120149,-0.054504279,4.909893287,4.747954583,1.934509667,4.973731988,5.430921355,0.076841212,-0.015494664,0.022648826,-0.011405202,0.019170594,14.86491893,14.3540295,16.47452267,13.61569788,14.99096933,14.74111656,0.212133065,0.18579457,0.268674944,0.19189952,0.23352317,1870,386,14.1,514,3.67,12.17,32.1485557,0,0,0,0,146.2618248,0,0,4.8049733,70.69908,1,0.025004089
7/27/2010 8:55,344.1,208,20.9,2,2,0,0,360,50,3.41,21.8,0,21.17627454,21.4297505,22.04280452,21.04724433,20.860588,0.002167629,0,0.009047747,0,0,0.038055755,0.040515324,0.035075991,0.040226043,0.041122568,0.00057376,0.005418369,0.000699607,0.004911354,0.003082426,-0.002279502,-0.001464812,-0.00063754,4.352204732,3.816981075,4.313520084,3.201154357,3.288391271,0.048662002,0.0357069,0.066488936,0.031552826,0.024636056,1.362047257,1.997841037,0.619524881,2.124267205,1.956993535,0.068028298,0.019103227,0.038091625,0.017538174,0.03210303,14.79139139,12.45466325,15.1068245,13.82152565,12.9560805,15.3391783,0.339365477,0.29526298,0.3009897,0.29138593,0.30703044,1880,409,6.01,731,2.96,12.17,32.1485557,0,0,0,0,146.2618248,0,0,0,6.338135,1,0.022322668
7/28/2010 9:10,387.3,209,21.7,4,2,0,0,342,9,6.39,28.9,0.25,22.58635746,22.4913295,22.85153364,22.39158,22.265792,0.438035997,0.8346241,0.256020755,0.809819867,0.581085737,0.111244316,0.10299099,0.089273487,0.1054382,0.109134975,0.007203584,0.00725375,0.009665687,0.007378269,0.006579361,-0.007759842,-0.002505055,-0.006003022,1.613792538,-3.246579779,4.42917329,-1.796139357,0.460780928,0.120583646,0.082185837,0.137066617,0.09166163,0.091677117,5.148704144,6.046305681,1.651660259,6.442873079,6.546453934,0.103785775,0.061983315,0.084615521,0.066523628,0.073574104,14.30447424,8.904738,11.37497161,13.51277855,9.409823,14.40659518,0.50919581,0.28458593,0.602306798,0.318773563,0.32674858,1890,435,4.7,759,4.06,12.17,5.72120316,0.91622986,0,0.91622986,0,147.1780547,0.91622986,0.1387433,0.91622986,104.77997,1,0.018215115
7/29/2010 9:20,125,210,23.6,3,1,0,0,348,46,5.58,21.8,0,21.05304608,22.0329175,22.37419444,21.720285,20.86713329,0.154409202,0.002173738,0.306729782,0.001449159,0.121315944,0.038043474,0.034114689,0.054576112,0.033302308,0.032286757,-0.002449751,-0.003994554,0.002053468,-0.003857047,-0.004144802,-0.00571967,-0.005009316,-0.004734738,-3.263611959,-1.255333961,-3.161598028,-1.150063134,-2.334825624,0.035001097,0.05060026,0.032502584,0.053155552,0.04482332,3.175074989,6.051424186,4.195517744,5.718572398,4.609742229,-0.020756274,0.024293678,0.001511975,0.013283874,-0.012737398,13.55177305,11.49308,10.25499967,13.12736235,11.36009533,12.38442614,0.232353328,0.252689915,0.23960573,0.243080253,0.241630716,1830,537,9.67,1039,4.47,,0.91622986,0,0,0,0,101.3567179,0.91622986,0,0.91622986,122.93393,1,0.029702472
8/2/2010 9:05,186,214,21.6,3,1,0,1,419,122,6.09,23.4,0.5,22.17895792,23.1726445,22.40825212,22.886923,22.33102386,0.081731057,0.236197432,0.134773276,0.158437326,0.130768364,0.04189638,0.053681837,0.030858811,0.052587746,0.049442179,-7.51E-05,0.006505611,-0.001894823,0.005912186,0.002817334,-0.002960623,-0.00304388,-0.002144931,5.16919042,4.919020128,5.263090505,4.714868559,4.475360698,0.077976748,0.066106567,0.077684807,0.057335762,0.049928459,1.824905384,4.242358426,0.225365025,4.137859788,3.188892411,0.076025385,0.052131872,0.04996596,0.047825538,0.056714171,12.91184241,12.9575865,14.734845,14.02834415,13.45327,13.96166204,0.486798572,0.459631,0.4318078,0.45478074,0.476786937,1570,408,2.71,1178,3.22,,0.72120305,0,0,0,0,94.23171753,0,0,0.72120305,12.878075,1,0.016494728
8/3/2010 8:55,193.7,215,27.6,2,2,0,0,366,50,6.29,16.8,0.5,22.91068638,22.971365,23.3036882,22.878823,22.775837,0.501652498,0.31764111,0.447469548,0.528072873,0.58506212,0.076704898,0.077390233,0.070766785,0.078001269,0.078799626,0.016508768,0.016007378,0.014132889,0.016142491,0.016502337,-0.003445466,-2.50E-05,-0.0032122,3.574345062,2.220683619,4.686596699,1.603682559,2.652747713,0.087926338,0.078274287,0.096616554,0.078872314,0.083024755,3.245646816,4.095931235,2.713583849,4.415373897,3.921720512,0.066323105,0.064159139,0.065035138,0.062272969,0.068686393,12.85238719,10.7731715,11.49424033,13.81736255,10.804334,13.28477168,0.442884557,0.27606621,0.483478959,0.30541764,0.384402781,1520,396,6.73,1134,3.41,,0.95745975,0,0,0.2362567,0,34.60601547,0.2362567,0,0.34751341,26.152725,1,0.028915008
8/4/2010 8:50,193.5,216,25.6,1,1,0,0,334,84,9.92,19,0,23.38779308,23.267621,23.66550636,23.188668,23.36671529,0.02411647,0.037035583,0.211164133,0.025262524,0.042604708,0.086942843,0.076933898,0.083730187,0.07842966,0.082779467,0.005184155,0.006729812,0.009874615,0.006386958,0.005167802,-0.005286754,-0.004567984,-0.004027476,0.608179691,-3.564016583,2.983813258,-3.402339594,-2.155089553,0.080857859,0.023353349,0.110554525,0.026468123,0.040200025,2.981094092,3.408194924,1.642130705,3.301555653,3.871186408,0.055765052,0.003700052,0.061014023,0.008153703,0.024731845,13.20154958,11.463167,12.05858289,13.57207766,11.59379733,12.84560904,0.311467222,0.202464755,0.37415309,0.18903908,0.190271647,1460,396,6.33,1105,3.1,,1.33245975,0.375,0.375,0.375,0.375,34.39724531,0.6112567,0.375,0.6112567,144.43579,1,0.018582543
8/5/2010 8:50,44.3,217,21.8,1,1,0,0,362,21,2.33,18.2,0,22.96513423,22.4257535,23.77388808,22.32735233,22.479995,0.037153835,0.01739497,0.038084425,0.136900347,0.068877066,0.048987258,0.042217688,0.055405603,0.042710687,0.046520482,0.012221816,0.009789899,0.01123966,0.010206533,0.011140849,-0.003994686,-0.003704871,-0.004352766,0.301074193,-0.570463965,-0.075586831,-0.366715375,-0.0981799,-0.033557287,-0.038971097,-0.007619151,-0.039108946,-0.038620864,5.335078257,6.298147287,4.648131318,6.133338145,5.975268995,0.061743244,0.055346893,0.042004355,0.054966869,0.060843727,13.26297814,13.2871805,13.74262667,13.55813407,13.53174167,12.54045236,0.213163461,0.259729035,0.173865414,0.257672067,0.257470701,1400,397,4.51,1093,3.04,12,0.72251341,0,0,0.375,0,34.39724531,0.375,0,0.6112567,96.72589,1,0.021014716
8/9/2010 6:55,285.1,221,24,2,2,0,0,431,20,14.2,19.6,0.25,22.77179638,22.889117,23.19058328,22.84310267,22.71278043,0.563137999,0.188704595,0.44796239,0.16954136,0.268025282,0.079010986,0.060849762,0.087653938,0.061270786,0.065563249,0.015134637,0.014469462,0.013929307,0.015023715,0.015032118,0.000963288,-0.004276375,-0.000459405,3.55949095,4.876324252,4.026320264,4.319026362,3.005653372,0.088262402,0.079927575,0.097624891,0.076018505,0.082903157,-0.060551613,2.37402739,2.436645091,1.596043507,1.041311991,0.062135786,0.082697202,0.073744389,0.083146039,0.075222888,12.66246605,12.0371835,11.68648,12.92569463,11.969309,12.50990734,0.489759996,0.43202486,0.512319327,0.44379704,0.445044077,1200,416,10.38,986,1.56,,19.98101507,0,0,17.5798388,0,21.85470468,19.5647852,0,19.5647852,351.71017,1,0.013105184
8/10/2010 7:05,95.9,222,26.6,1,1,0,2,386,64,4.1,18.8,0.25,22.84187769,22.303736,23.34484796,22.299653,22.37220771,0.149507313,0.069552302,0.214554415,0.069624975,0.089803437,0.055379933,0.052706568,0.053720057,0.052675945,0.055701645,0.005964993,0.006393954,0.007416623,0.006081435,0.005261756,0.000440432,0.000509376,0.000598236,0.951574761,-2.137219192,2.566841794,-2.413473225,-1.344228638,0.054487141,0.000851327,0.055821577,0.002865834,0.025074334,1.651889281,2.895875017,1.689116947,2.891471307,2.320183955,0.053837019,0.037232952,0.062171132,0.041832375,0.057154391,12.89323558,13.265541,13.24817289,12.75760672,13.468144,12.7149874,0.32918352,0.147242915,0.380032934,0.145758467,0.173545891,1150,444,6.76,1049,9.46,,19.60601507,0,0,0,0,21.85470468,10.125,0,19.5647852,137.33994,1,0.01120379
8/12/2010 6:55,1119.9,224,22.4,1,1,0,0,539,200,4.04,23.8,0.25,22.68125638,22.140839,22.91941348,22.054565,22.37007057,0.76439186,1,0.79340385,1,1,-0.010644517,-0.007162699,-0.003204124,-0.007975016,-0.01073016,-0.000392297,-0.003212361,0.004286376,-0.002916192,-0.002400013,-0.000539111,-0.001365075,-0.000302198,-0.076232217,0.411585118,0.824885323,-0.113757673,-0.494283718,-0.010206217,-0.029902154,0.030173326,-0.019487467,0.005041256,-0.067196398,0.555366125,-1.718219825,1.201238032,2.260422034,0.007569501,0.055540565,0.018984298,0.054328398,0.025468366,13.90151154,16.6203595,16.15194878,13.52034523,16.44271667,15.21921828,0.136194461,0.061380124,0.264387941,0.076009626,0.083922678,1110,436,1.17,865,4.82,12.17,25.16360916,0,0,5.59882396,0,26.53729878,5.59882396,0,5.59882396,129.0828,1,0.010844976
8/16/2010 6:55,73.3,228,15.7,2,2,0,0,330,40,1.59,18.3,0.25,22.2222,21.386468,22.9418866,21.41606333,21.46461429,0.157434357,0.027583106,0.214748116,0.029954328,0.02258739,0.069123458,0.051448005,0.064597949,0.053407473,0.060806768,0.016660358,0.017430395,0.018241324,0.017379607,0.017107908,-0.007132048,-0.008627569,-0.008312852,1.28033588,-0.944181525,1.201265809,-0.704478118,1.86116236,0.04996977,0.030045839,0.03278913,0.0363684,0.0514241,6.647703047,8.49556548,7.828510596,8.087261685,6.367355253,0.059498517,0.072526505,0.073594655,0.068952683,0.05892003,14.42902649,9.93321225,10.40757183,13.41005018,10.01377717,12.41102484,0.348607552,0.371965035,0.398096014,0.360699433,0.342216091,943,484,3.28,1202,2.21,11.96,5.59882396,0,0,0,0,25.81609573,0,0,0,89.575645,1,0.025343091
8/17/2010 6:45,50.4,229,19.6,2,2,0,11,349,28,1.62,15.8,0,21.91946438,20.5453255,22.36711296,20.658118,21.02822671,0.175322092,0.023068823,0.170236789,0.038519672,0.144559109,0.054801418,0.03778357,0.057020475,0.03826431,0.045726058,0.012164693,0.008954021,0.013789689,0.009407432,0.011206402,-0.003612343,-0.000928124,-0.007636247,1.222746509,-1.376069868,0.885033285,-1.331618768,-0.115075807,0.033128047,0.005944055,0.038151051,0.008443223,0.01841436,5.470844073,5.216367874,7.740469739,5.250253081,5.387982232,0.057714878,0.047232224,0.068366471,0.047431477,0.050269824,13.25756742,9.216649,9.194713222,13.21363259,9.165550833,10.64170504,0.311577695,0.221229855,0.42956563,0.218813447,0.252864133,817,469,1.67,1085,2.11,,0,0,0,0,0,25.57983903,0,0,0,102.53937,1,0.012968914
8/18/2010 6:55,62.4,230,20.2,2,1,0,0,369,101,3.31,15.4,0.25,20.79693146,19.688205,21.421225,19.78165767,20.17027871,0.006815634,0.032695359,0.00354413,0.021796906,0.012657606,0.070166119,0.074738861,0.053940155,0.074863361,0.075252858,0.004397042,0.00610798,0.004876326,0.005844624,0.005735863,-0.005268589,-0.002489169,-0.0055766,2.163540795,2.680723607,0.841380646,2.495182246,2.65475025,0.044396528,0.063331218,0.02056723,0.063866755,0.059389951,4.783957853,4.17237285,5.985098202,4.53393061,4.819265007,0.044578769,0.046106876,0.051597221,0.044790173,0.039936449,12.30167003,10.5412185,10.14514278,13.08686606,10.525782,9.94655204,0.245837458,0.27504622,0.291919561,0.283826363,0.272742816,738,534,7.89,1106,4.6,12.08,0,0,0,0,0,25.57983903,0,0,0,29.823097,1,0.015270432
8/19/2010 8:50,2419.6,231,25.6,2,1,0,0,361,0,10.81,17.3,0.5,21.925856,21.8310945,22.15791828,21.69548333,21.73084457,0.316649847,0.76615615,0.497720628,0.654035527,0.468479381,0.085027782,0.071877592,0.090818874,0.074016135,0.080729493,0.012407792,0.012885044,0.010329579,0.012890259,0.01262763,-0.00386396,0.001795853,-0.006699841,4.868762518,1.981537641,3.992550665,2.603599295,4.060115347,0.11203039,0.053790089,0.101848273,0.058965704,0.081156634,3.261225911,5.424465113,4.182032334,4.760131758,3.923089586,0.076349655,0.054046723,0.078774441,0.053933579,0.068169741,11.18487095,10.6103945,11.06552011,12.88807951,10.79994833,10.18341342,0.537642113,0.45711146,0.464829325,0.473829597,0.522517129,673,475,3.74,1096,3.16,,0,0,0,0,0,25.20483903,0,0,0,12.814247,1,0.024695222
8/23/2010 6:50,172.3,235,19.7,2,2,0,0,372,0,9.77,19.9,0.3,21.15704569,20.01567,21.58907952,20.208378,20.428287,0.061218001,0.397393066,0.189471117,0.265278003,0.113690573,-7.10E-05,-0.004625646,-0.002837147,-0.005146501,-0.004213374,-0.009469706,-0.012349817,-0.01060862,-0.011562471,-0.009095772,-0.002265963,0.003593025,-0.002221145,-3.840494136,-4.721907384,-3.583014576,-4.938906355,-4.797101302,-0.041932473,-0.071040905,-0.033079866,-0.083538914,-0.119766428,0.593588692,0.092766012,0.208727581,0.427169262,1.229117106,-0.014126277,-0.12869913,-0.050622691,-0.120069808,-0.076815439,12.78184643,15.45203625,16.09565283,13.29007692,16.08645917,14.52348558,0.283935952,0.365770165,0.346326084,0.35782051,0.32810625,554,485,6.42,1118,4.32,12.13,18.53141778,0,0,0,0,24.13024174,0.402486582,0,18.39267448,233.21832,1,0.03227146
8/24/2010 6:40,104.6,236,19,2,2,0,0,349,0,4.02,21.6,0.5,20.64428885,20.4935865,21.09353816,20.472056,20.40313357,0.119120849,0.414535887,0.103846646,0.276648652,0.203418475,0.010208723,0.017432462,0.01038039,0.016238916,0.01484008,0.003817082,0.002702184,-3.06E-05,0.002611845,0.002847323,0.000134703,0.000405671,0.000351982,1.494031329,2.576831296,0.757405387,2.340614907,2.101186032,0.026885892,0.012138372,0.055991188,0.016773591,0.035319585,1.368905715,5.189256812,-0.924220919,4.890047902,4.10715081,0.036241813,0.114791035,0.002897124,0.106029403,0.062472317,13.90993492,17.2729465,16.80248872,13.56696292,17.41114767,15.7690435,0.174582012,0.26370138,0.266745985,0.246380837,0.168425974,507,596,5.44,1100,2.88,12.12,18.53141778,0,0,0,0,24.13024174,0,0,0.402486582,45.629314,1,0.020854442
8/25/2010 6:45,155.3,237,14.8,2,2,0,0,312,25,3.83,19.6,0,20.69643608,19.5039365,21.4462306,19.51489033,19.97304929,0.196871716,0,0.382105297,0,0.027940433,0.070598676,0.05883018,0.05960351,0.060868585,0.066023699,0.009561437,0.008029343,0.008761619,0.008103278,0.008711843,-0.00692001,-0.011901378,-0.004953673,-2.733874417,-1.981076794,1.030957545,-2.635049469,-3.169962772,0.000756524,-0.012349241,0.0293526,-0.020416036,-0.019557616,5.458485251,6.07016888,3.483983979,5.641943572,5.766905569,0.04515849,-0.002790742,0.06536728,0.001769229,0.023523946,14.46933894,12.848133,14.82006,13.4427264,13.065174,15.88892742,0.272575668,0.27396182,0.330730482,0.283268297,0.307844463,385,532,4.88,580,4.08,12.125,18.39267448,0,0,0,0,24.13024174,0,0,0,131.94748,1,0.022882686
8/26/2010 6:30,131.7,238,16.1,2,2,0,0,356,100,4.85,19.7,0.25,19.35583554,18.067332,20.27330452,18.138519,18.39456286,0.053965887,0.001311929,0.168683442,0.011681773,0.007908443,-0.028703733,-0.028782232,-0.000474089,-0.029864776,-0.031937725,-0.018294994,-0.009534243,-0.011135451,-0.009728222,-0.012364297,-0.001095859,0.003455159,-0.004579792,-4.659131474,-4.218158702,-4.652340604,-3.87209856,-4.570238613,-0.063195136,-0.075251163,-0.056229405,-0.070750731,-0.053504479,3.516743511,4.264303067,5.220891091,4.28477028,3.600916868,-0.038268058,0.012628372,-0.017646346,0.011260968,-0.008553297,14.71131079,13.4971225,13.11053133,13.23498328,13.41070733,14.91779282,0.426781795,0.360980155,0.43608398,0.371094843,0.372927593,273,483,1.81,1107,2.63,12.12,0.916229882,0.5137433,0,0.5137433,0,19.04516108,0.5137433,0.25,0.5137433,210.49117,1,0.018354562
5/31/2011 9:20,49.6,151,18.8,1,1,0,0,1013,360,6.74,14.9,1,10.69140162,11.235562,10.48194604,11.130062,11.06020429,0.01490156,0.09686014,0.11358529,0.064573427,0.027674326,0.028424226,0.031100437,0.032221786,0.031418864,0.030653222,0.011394461,0.011240505,0.011256276,0.010639559,0.010950897,-0.002402005,-0.004738526,-0.002295517,4.158861576,5.248805617,3.08345793,4.977695412,4.653829387,0.099384204,0.083567967,0.105418787,0.085433109,0.097285076,-2.529229088,-2.742909489,-3.451624037,-2.887507599,-2.282239053,0.036879111,0.02419577,0.014270432,0.02786218,0.038062434,9.78473751,10.221419,11.10814639,9.02912924,10.47673233,10.51280668,0.313178355,0.428471205,0.254514496,0.408821703,0.34928993,420,567,5.06,1013,1.15,12.1,3.179973172,0,0,0,0,25.13874343,0.25,0,1.63874328,326.34198,1,0.026155032
6/1/2011 8:30,76.7,152,20,1,1,0,0,604,200,4.41,13.5,0.5,13.252878,11.4702575,13.60630316,11.64940467,12.40846786,0.005466286,0,0.134090748,0,0,0.178653997,0.173489892,0.131737624,0.172912416,0.170339287,0.01528767,0.018287582,0.016255709,0.019373718,0.019481868,-0.015979255,-0.020056482,-0.010927781,4.85799618,3.219715958,6.347282917,2.757197868,3.623671998,0.240259391,0.219102262,0.209425714,0.219236085,0.222487768,6.008210105,7.50932953,3.19129357,8.010391291,7.698507662,0.083775218,0.100836048,0.073454321,0.102298338,0.09730007,9.800793888,8.646391,9.445072889,9.148100155,8.812343,10.38716096,0.601507614,0.40377639,0.668943723,0.42501075,0.490267394,387,512,13.8,1054,1.81,12.05,3.402486592,0,0,0.22251342,0,24.62500013,0.22251342,0,0.47251342,38.35753,1,0.0260752
6/3/2011 9:00,167,154,11.7,2,1,0,0,247,400,4.63,13.8,1,8.940122538,9.337809,9.34217528,9.30977,8.923751143,0.286582708,0.965443485,0.218160578,0.974088257,0.522231257,-0.023275232,-0.013590833,-0.014204021,-0.015214973,-0.020206236,-0.007274486,-0.008494116,-0.00552583,-0.008829252,-0.008614673,0.000606528,0.00687829,-0.002328702,0.051703995,1.95406485,-0.468204444,1.534950062,0.686756202,-0.00624852,0.01458928,0.015417508,0.003551542,-0.013924911,-2.55357154,-4.099339224,-3.484398843,-3.98700112,-2.273215195,-0.020765767,-0.062226797,-0.034480182,-0.056384131,-0.032199087,9.826227929,9.3911255,9.396328556,9.349866748,9.466279667,9.14684438,0.111860018,0.124690615,0.179474151,0.104708607,0.067806598,338,499,13,1003,1.92,12.05,0.47251342,0,0,0,0,24.11125685,0,0,0.22251342,289.617,1,0.019538748
6/7/2011 12:20,86,158,20.6,3,2,0,5,458,175,8.46,17.7,0.33,13.44554908,13.9552425,13.19480636,14.266206,13.80893257,0.06835788,0.05250967,0.126730496,0.036977158,0.015869037,0.065985613,0.055168154,0.06905878,0.055837075,0.06016336,0.010122947,0.017293484,0.008588519,0.016801734,0.013888343,-0.003493456,-0.005247975,-0.002514888,0.886725103,-0.258640967,2.04807316,-0.750845217,1.175598259,0.074437083,0.068393636,0.120703105,0.068127633,0.071529665,-1.197509382,-4.512725762,-2.632449728,-4.39716261,-1.946626071,0.017270303,0.005235544,0.020072277,0.009665509,0.015408265,9.665845347,9.42931175,9.9281215,9.624069735,9.536259167,10.27557318,0.061331398,0.112449956,0.21236484,0.100444292,0.065686635,179,502,8.72,1142,1.28,12.05,0.66754024,0,0,0,0,16.97251355,0.11125671,0,0.11125671,302.3511,1,0.032649955
6/8/2011 8:35,8.6,159,26.9,3,2,0,0,220,275,4.42,13,0.33,16.06762973,17.3134585,15.5052789,17.421835,17.601937,0.018727794,0.121730663,0.038047278,0.081153775,0.034780189,0.076619795,0.132184739,0.064592228,0.125088112,0.095694337,0.017373293,0.012710131,0.017325784,0.013605407,0.014000341,-0.006657156,-0.01180167,-0.004395534,6.387811581,7.419924403,4.74046376,7.702590114,8.546487476,0.164584977,0.213945434,0.141401447,0.212307568,0.185170206,0.665029686,4.780437029,-1.572514136,4.924589713,3.936774968,0.082809837,0.071357943,0.045675753,0.074172515,0.095406118,9.722466804,7.6561657,9.304266433,9.648960473,8.500906133,10.0402416,0.517509548,0.7438249,0.364348747,0.7556071,0.627440557,175,452,10.22,1183,1.32,12,0.681283531,0.013743291,0.013743291,0.013743291,0.013743291,16.98625684,0.125000001,0.013743291,0.125000001,9.4105835,1,0.039578561
6/13/2011 8:25,13.1,164,18.5,1,1,0,0,265,260,1.22,12.3,0,11.0149815,10.038962,11.81395682,9.861218667,9.795186214,0.000195083,0,0.033304415,0.00084536,0.000362297,-0.019088699,-0.004866722,-0.03085779,-0.004484998,-0.009149373,-0.017009089,-0.011052161,-0.023351733,-0.011377424,-0.013439631,0.004554924,0.003588909,0.005902974,-0.527225544,-2.444794487,-2.266643643,-2.612796691,-1.933890929,-0.017668853,-0.048124311,-0.046748882,-0.0538905,-0.067428341,2.928034288,3.038666987,0.918568315,2.968411965,3.64826067,0.022021351,-0.003178001,-0.036279261,0.002581388,0.033200183,9.774096241,11.89127375,11.92839094,9.806321565,12.14187183,11.5542393,0.127360949,0.14383067,0.238886115,0.154092187,0.161373769,313,604,14.9,928,5.57,12,18.0006393,0,0,0,0,18.89069296,0,0,12.61582711,140.55356,1,0.017641472
6/14/2011 8:30,35,165,20.1,2,1,0,2,281.5,10,0.86,13.5,0,12.58837365,11.085937,12.9496302,11.11320367,11.63381907,0,0,0,0,0,-0.006287511,-0.011194578,-0.006986277,-0.009724484,-0.007257179,-0.007164753,-0.010160963,-0.008898339,-0.009428857,-0.007632816,0.003758134,0.001428066,0.004876805,-2.139556133,-2.952617626,-1.76672515,-3.20977792,-2.758782435,-0.024158744,-0.051392291,-0.00352477,-0.061966443,-0.072991673,0.396593234,-0.305964224,-0.672892071,-0.734069214,-0.280779315,0.001721059,-0.090575932,-0.023548406,-0.087975806,-0.029017463,10.26122729,12.428259,12.559088,9.902631746,12.729114,12.07804726,0.097179321,0.15085212,0.091189057,0.1451597,0.123376153,291,673,19.8,1035,2.78,12.05,14.26831367,0,0,0,0,18.89069296,0,0,0,218.51237,1,0.016628539
6/15/2011 11:35,77.6,166,13.5,2,1,0,0,322,500,6.7,14.2,1.5,12.13157285,12.231637,13.1256808,12.13341733,12.10682657,0.023079641,0.11413105,0.012058004,0.076087367,0.042820427,-0.004643218,0.021633314,-0.005345929,0.020401705,0.006857256,2.55E-05,0.014695831,-0.003271574,0.013643778,0.006137774,0.005154779,0.004152282,0.004697157,1.445971192,0.90074142,0.991941688,1.175817096,2.642591486,0.049331916,0.05001251,0.061038947,0.05675453,0.083714103,-6.10490155,-7.533528329,-5.226573071,-7.084913248,-6.764032578,-0.064283396,-0.01549398,-0.040190379,-0.01415548,-0.037579102,11.38405882,12.5508495,12.79472567,10.16941825,12.66746367,12.50230594,0.461043818,0.65440878,0.350498972,0.6444479,0.626774201,266,655,12.5,1024,4.63,12,12.61582711,0,0,0,0,18.66817954,0,0,0,290.2309,1,0.030225188
6/16/2011 10:15,365.4,167,16.8,4,4,0,0,349,350,8.92,14.4,0.33,12.29817915,12.7955785,12.16535728,12.64181133,12.41146729,0.992066918,1,0.915860708,0.988290967,0.989972757,0.053261723,0.042666521,0.039587248,0.044470044,0.050924201,0.013519605,0.012506831,0.014990888,0.01163067,0.010587859,-0.000595972,-0.00083673,0.001557094,1.140247378,-1.033385155,2.141806862,-1.364082407,-1.637590973,0.07663373,-0.007254535,0.082412811,-0.003336393,0.033543926,-0.474219235,4.119957359,-2.98669681,3.852519959,2.256719224,0.030354058,0.045471397,0.008517282,0.047336062,0.043536968,12.24720298,12.8432775,12.93928228,10.47426222,12.89389633,12.81961026,0.396332217,0.10797391,0.517589164,0.103426275,0.169254625,297,675,21.5,577,15,12.15,12.34489251,9.85994616,0,12.34489251,0,31.01307205,12.34489251,0.125,12.34489251,134.58972,1,0.021550214
6/20/2011 8:30,214.2,171,16.9,4,3,0,0,337.4,0,6.13,16.4,0.33,13.33429185,13.4515685,13.44764608,13.44290967,13.38676,0.762726068,0.9572124,0.829645089,0.960311817,0.805486693,-0.055796679,-0.05325082,-0.055916187,-0.053553107,-0.054776182,-0.012353177,-0.013433131,-0.007907341,-0.013476561,-0.012777142,0.004340465,0.006466996,0.004963799,-3.631306757,-4.198547309,-2.404698015,-4.041553337,-3.750137876,-0.07135079,-0.103873247,-0.064114131,-0.100349163,-0.083287723,-0.107234472,-0.841634175,-1.807442627,-0.509019224,0.11585734,-0.043798624,-0.031996759,-0.039172654,-0.026163152,-0.020738935,13.59508344,14.583852,14.46329961,11.64199597,14.624387,14.20117168,0.219876838,0.21718164,0.238836476,0.20740088,0.186066003,416,345,27.6,524,16.5,12.1,48.49344747,0,0,35.88481166,0,66.60534348,36.14855495,0,36.14855495,238.50708,1,0.029543696
6/21/2011 8:25,154.1,172,16.4,2,2,0,0,261.3,0,1.55,18.2,0.5,13.32560362,13.638589,13.57025622,13.50324533,13.24669057,0.994335904,0.993086575,0.979185982,0.99511425,0.992760336,-0.065920895,-0.069051878,-0.062298625,-0.068466448,-0.067275609,-0.018357432,-0.018140109,-0.018165859,-0.018190526,-0.017973997,0.007648305,0.012649822,0.006233998,-3.255718261,-2.997633086,-3.619180789,-3.149997974,-3.069730968,-0.075842668,-0.071634397,-0.07512032,-0.072824293,-0.076865736,-2.203869729,-2.792634571,-2.065773046,-2.596731309,-2.343591867,-0.069997671,-0.072475478,-0.075657687,-0.074269638,-0.074635463,13.9316036,14.73756,14.81474289,11.97332083,14.83102233,14.61234078,0.2225529,0.188283185,0.246465476,0.19133094,0.204003026,460,553,17.4,577,8.61,12.05,36.38481166,0.23625671,0,0.23625671,0.125,66.73034348,36.12106837,0.23625671,36.38481166,240.72462,1,0.017354969
6/23/2011 11:35,1203.3,174,18.5,4,3,0,0,441,0,42.9,17.7,0.33,14.34729646,14.772073,14.37866814,14.64363633,14.29804829,0.982405242,1,0.979906525,1,0.972363386,-0.008215818,0.01138414,-0.027941738,0.010025745,0.003795788,-0.008975182,-0.004328091,-0.012259852,-0.004494928,-0.005679064,0.008096911,0.009859022,0.009622587,3.016452018,1.825280429,1.923501981,1.94546009,2.326400292,0.015582074,0.012662769,-0.014437163,0.012759909,0.01289287,-1.471195069,-1.974891053,-0.991509559,-1.601300153,-1.962304816,0.012709768,0.012080817,-0.007613392,0.014769971,0.0177399,14.46615258,14.0891665,14.4451635,12.94965763,14.1117025,14.67065474,0.526531203,0.36609776,0.427345708,0.37988142,0.427525706,1340,456,19.7,518,17.9,12.15,83.07852772,0,0,4.72382386,0,109.6917339,46.69371606,0,46.92997277,327.44843,1,0.022265628
6/26/2011 3:00,38.4,177,21.9,3,2,3,16,552,0,3.55,22.2,0,16.35904838,13.996658,15.48384784,14.154418,15.31988071,0,0,0,0,0,0.00027312,0.004770617,-0.007383454,0.004554112,0.00307576,-0.000569997,-0.000108477,-0.004240775,-0.000151576,-0.000169442,0.00454442,0.005089751,0.005314823,1.632109794,-0.314833067,0.783823342,-0.566811111,1.117376128,-0.040007466,-0.066716097,-0.043006292,-0.064432427,-0.051018563,3.182556969,2.700048289,3.443139194,2.749919811,2.558044646,0.067844627,0.028033929,0.043022693,0.03320575,0.048190551,14.65405483,15.5771505,15.20225917,13.83190213,15.77822567,14.57798886,0.08322408,0.048282584,0.095093491,0.051807646,0.067510482,1310,469,8.51,918,4.15,12.05,55.75131017,0,0,0,0,104.2447576,0,0,8.821337401,58.469048,1,0.025897417
6/27/2011 9:00,517.2,178,17.3,2,2,0,2,338.3,0,7.97,16.3,2,15.69550431,15.69201,16.07585642,15.66802633,15.88661943,0.000257451,0,0.000133874,0,0,0.011078242,0.023768352,0.005851873,0.021994051,0.015343179,-0.002413769,-0.001531889,-0.000981707,-0.001714708,-0.001390687,0.001011453,0.001228303,0.001601462,2.476610096,3.454040575,2.196813697,3.572953685,4.08560202,0.079387957,0.121891146,0.072787994,0.125726564,0.116274762,-3.177731189,-4.414761346,-3.457150218,-3.844008726,-3.316757757,-0.008059403,0.004430225,-0.011308201,0.000377265,-0.021270306,14.84237795,15.2358325,15.78796033,14.17107131,15.488502,15.14195412,0.208990906,0.396661805,0.162365197,0.388153713,0.290888436,1200,459,,686,5.32,12,13.54516126,0,0,0,0,104.2447576,0,0,0,314.0067,1,0.021690052
6/28/2011 8:35,73.8,179,19.5,3,3,0,0,244.1,200,4.86,15.2,0,16.57940685,15.804214,16.33868856,15.91104533,16.289454,0.109133303,0.065865027,0.347736458,0.054881274,0.055493275,0.09148561,0.080307591,0.072294702,0.08023727,0.083663413,0.004379343,0.006691163,0.003435917,0.006295625,0.005056067,-0.008767656,-0.015403618,-0.0046889,1.251125851,-0.284306937,3.604589858,-0.425061687,-0.322292351,0.097585466,0.048261868,0.122868922,0.045692967,0.054435096,4.727454002,8.36877843,0.552814511,8.060329842,6.833447806,0.07194849,0.087779,0.045592263,0.085794932,0.084988981,14.63726928,12.2067165,13.73805267,14.20732065,12.51862467,14.90866088,0.372590738,0.366443145,0.50212126,0.338629663,0.268157921,1110,477,10.54,782,12.1,12,10.4051076,1.5837702,0,1.5837702,0,105.8285278,1.5837702,0,1.5837702,106.81967,1,0.02425743
6/29/2011 11:30,16.1,180,21.1,3,2,0,0,487,45,9,18.9,0,14.58935865,15.57265075,16.29272078,15.24540883,14.24776079,0.07355271,0.07265733,0.307667468,0.04843822,0.054256146,-0.002190502,-0.008476922,0.021157857,-0.008078746,-0.006919768,-0.018869036,-0.019112128,-0.010721591,-0.019268719,-0.019965511,0.001271739,0.006472436,-0.001312595,-2.020395978,1.639050076,-2.779513902,0.328133177,-1.556678671,-0.011723158,-0.049212663,-0.020950036,-0.052916159,-0.035003395,0.346784388,-2.144132652,3.400500181,-0.734032295,1.233970441,-0.024914212,-0.041088797,0.003316699,-0.032244347,-0.01086149,14.02307713,11.75087175,11.1738775,14.07991193,11.78759683,13.43309398,0.17872622,0.05637543,0.260272191,0.084731783,0.12712628,1030,464,18.4,961,4.47,12,1.5837702,0,0,0,0,105.8285278,1.5837702,0,1.5837702,284.06268,1,0.032839053
7/5/2011 8:30,13.1,186,32.4,3,3,2,0,208.6,0,0.28,13.7,0,18.66473046,18.8953745,19.06059524,18.88442167,18.704417,0,0,0,0,0,0.013569558,0.012278675,0.024846096,0.011879343,0.011123,0.000736672,-0.001631603,0.004878972,-0.001546988,-0.001012079,-0.003992825,-0.001683096,-0.004326977,2.83607163,3.467386679,1.501355348,3.01664053,2.473012732,0.041019469,-0.023899156,0.039078234,-0.029900184,-0.026085021,1.181358729,2.923535343,0.997460992,3.146487857,3.058331531,0.060128596,0.000568674,0.019619824,0.007579896,0.038396158,13.25739371,14.7217665,15.64514439,13.82117754,15.19883167,14.0238949,0.115741391,0.170471625,0.100443806,0.162396817,0.118804889,631,484,,1173,2.14,12,9.865188,0,0,0,0,66.96401166,0,0,0,31.62688,1,0.015093723
7/6/2011 8:45,31.1,187,23.7,2,2,0,0,234.7,0,0.59,15.4,0,19.03281585,18.427206,20.03401396,18.431636,18.58165257,0.292278239,0.017691928,0.220480318,0.012895526,0.304723975,0.029462322,0.029711417,0.023981168,0.029854949,0.031264812,-0.001086286,0.002654649,-0.001928461,0.002303507,-4.82E-05,-0.004557337,-0.004992953,-0.004251557,0.232974218,-2.178322345,1.124215455,-1.576126973,-1.300944136,-0.000333149,-0.024334075,-0.009351207,-0.022988894,-0.029875608,3.679575604,3.905371626,3.792934103,4.101682382,4.422546352,0.018244309,0.011037827,0.03043875,0.014920262,0.040131925,13.53830388,14.66545775,14.92619483,13.84018968,15.01597083,15.1545438,0.174037609,0.158056525,0.17967386,0.14890091,0.178064193,578,579,8.49,948,4.95,12,4.16622987,4.16622987,0,4.16622987,0,29.16034933,4.16622987,1.76374327,4.16622987,124.77652,1,0.029057287
7/7/2011 8:15,5.1,188,20.2,2,2,0,2,263,0,1.41,18.2,0,17.79018415,16.645274,18.86778712,16.734174,16.932671,0,0,0.017403626,0,0,0.0327116,0.040897982,0.03061503,0.040743224,0.036437967,0.007399621,0.011923186,0.005579971,0.011618078,0.009416665,-0.002140054,-0.000942193,-0.001954324,-1.062228508,0.07114206,-1.371410277,-0.491345497,-0.847203385,0.017882903,-0.063548644,0.039271696,-0.070899577,-0.06271314,1.473435756,1.254830633,-0.10473202,2.205174184,3.23230743,0.055549242,0.001553856,0.00167927,0.014574176,0.058390707,14.1274462,16.4386695,16.30343211,13.9798903,16.877406,15.72713392,0.151209156,0.119183065,0.148087037,0.13448801,0.142148921,505,427,12.9,1092,4.01,12,4.16622987,0,0,0,0,24.43652547,4.16622987,0,4.16622987,133.65521,1,0.033811143
7/8/2011 15:00,10.9,189,23.2,3,2,3,7,337,0,7.66,23.4,0,18.89043377,21.2942515,19.1026636,21.36373333,20.48297143,0.061651729,0.250149837,0.227500694,0.166766558,0.071471382,0.053114119,0.044664421,0.05452687,0.045635969,0.050682129,0.010422581,0.010021071,0.010546143,0.010107586,0.010586659,-0.003888999,-0.010286019,-0.003736824,0.420388987,0.679687348,1.287730251,0.017498777,0.941557907,0.001218071,-0.016689007,0.059803121,-0.01505313,-0.004170034,2.645077754,0.038123462,0.528339084,1.19692857,2.117725741,0.026698246,0.006181053,0.052444849,0.011875822,0.022365192,15.38955978,16.2426815,16.74299344,14.21405154,15.90748733,16.25770326,0.096971118,0.047749375,0.141491286,0.05253124,0.078303843,428,435,13.7,1142,6.52,12,4.16622987,0,0,0,0,15.61518807,0,0,4.16622987,91.638214,1,0.012258001
7/11/2011 9:30,2419.6,192,23.6,3,2,0,0,269,100,10.71,14.1,0,19.43975577,19.797559,20.53176388,19.56689533,19.23592771,0.26764326,0.72014364,0.323229821,0.686162393,0.432468465,0.07418789,0.070420535,0.078113044,0.070066198,0.071675564,0.009191737,0.00599715,0.010225766,0.006695808,0.007624671,-0.00554081,-0.011380378,-0.004949617,2.764196021,3.920513521,3.820288807,3.592362935,2.578554168,0.08276262,0.097800593,0.097238296,0.102409196,0.091117813,-0.617168521,1.816736379,0.010950627,3.310310985,0.150304038,0.055609578,0.081603463,0.076729029,0.076035035,0.050326491,15.42885692,11.573709,11.87958267,14.07804778,11.45237133,14.74820526,0.326902503,0.268425835,0.323466897,0.273961273,0.300914061,234,566,20.2,371,26.1,12.3,12.8115254,12.3115254,0.9862567,12.8115254,10.2676747,28.42671347,12.8115254,12.3115254,12.8115254,2.6930923,1,0.022869145
7/12/2011 9:25,53.8,193,23.7,2,1,0,0,216.8,0,1.29,12.5,0,20.86383669,19.765602,21.31630748,19.65679367,19.97700843,0.011008058,0.010226395,0.108547811,0.006817597,0.014067456,0.049159676,0.033524607,0.057535238,0.035184058,0.042011707,0.007286121,0.005717974,0.006289205,0.006230691,0.007017368,-0.003591128,-0.006615163,-0.004882159,-1.035797532,-3.350027357,0.321684016,-3.102038349,-2.161629204,-0.00468831,0.001592914,0.016073904,0.002988607,0.006032192,4.22534097,3.055758737,4.631555995,3.12958165,3.739191812,0.015092448,0.002733219,0.047358965,0.002444721,0.001050795,14.98681256,12.6824435,12.213441,13.99176155,12.68031967,13.25343454,0.147823032,0.17165808,0.190885844,0.168730063,0.15409173,229,646,8.16,705,13.4,12,12.8115254,0,0,0,0,26.84294327,12.8115254,0,12.8115254,141.09601,1,0.016657446
7/13/2011 8:30,43.4,194,23.2,2,1,0,0,208.8,0,5.61,15.2,0.75,18.91844192,17.795389,19.7692068,17.84744,18.088017,0.497241914,0.51195811,0.348861056,0.640015973,0.632423997,-0.006774591,-0.022048235,0.007873779,-0.021370526,-0.016099175,-0.007003672,-0.010408497,-0.002723733,-0.009983139,-0.008782877,-0.000650637,0.003548837,-0.002087164,-3.576745461,-5.623271728,-3.460117549,-5.103349534,-4.66896001,-0.02899758,-0.075572488,-0.027742888,-0.064963915,-0.049329096,0.873089106,0.783279483,1.441993846,1.168641382,0.619699882,-0.033442523,-0.046768742,-0.028477778,-0.047056373,-0.045172013,14.89201491,16.4617465,15.235563,14.29877063,16.62152633,13.21615116,0.203164218,0.32394166,0.178027175,0.31273022,0.264367346,204,485,9.86,834,4.96,12,12.8115254,0,0,0,0,26.84294327,0.9862567,0,12.8115254,222.53471,1,0.02128131
7/14/2011 9:50,98.5,195,23.2,2,1,0,0,277,800,4.35,17.5,0.5,17.71662754,17.4574015,18.43043228,17.39520667,17.26380143,0.047810704,0.058938179,0.155421091,0.116943173,0.083418024,-0.042203788,-0.040916136,-0.047430471,-0.041780142,-0.045001174,-0.011833905,-0.013835579,-0.013146163,-0.013907067,-0.013507634,0.003345459,0.008557639,0.002385232,-3.451971033,0.306143995,-4.688715262,-1.209264605,-2.763249738,-0.048740376,-0.041845194,-0.056293889,-0.053314455,-0.086279028,-1.31616769,-4.18456951,-1.951343032,-2.950533268,-1.151085961,-0.035920708,-0.109696997,-0.07550398,-0.103683227,-0.071629176,14.91276056,17.1754865,16.87614844,14.58970649,17.237751,14.9424594,0.452543088,0.3653345,0.553127813,0.368707153,0.39157775,178,615,6.58,754,8.91,12,12.8115254,0,0,0,0,26.84294327,0,0,0,247.38928,1,0.017748924
7/18/2011 9:15,167,199,26.8,3,2,0,0,290.7,45,5.85,17.4,0.33,21.64525246,21.398182,22.096497,21.320479,21.29790871,0.180255437,0.019047359,0.292102942,0.156795696,0.113447554,0.09195707,0.089860622,0.083878005,0.091108416,0.092936094,0.008363954,0.00870013,0.009342691,0.008608233,0.009161596,-0.005999932,-0.011030977,-0.005790576,4.074678251,3.451388846,4.765381392,3.553025124,4.139835422,0.104827413,0.11719439,0.121330159,0.112653845,0.093642404,0.29508235,1.371559132,-0.210401133,1.527916344,1.164807614,0.100198086,0.065790175,0.090506714,0.066051829,0.068775305,16.285087,13.2592885,14.222663,15.62405675,13.135168,15.88386092,0.305063834,0.258774535,0.304128981,0.253309373,0.247465109,150,473,9.81,684,15.9,12.1,8.87631044,8.87631044,0,8.87631044,0,25.85406571,8.87631044,0,8.87631044,357.98755,1,0.027048424
7/19/2011 9:00,387.3,200,27.8,3,2,0,2,242.4,0,0.65,19.4,0,21.83442777,21.345854,22.48006316,21.336468,21.41058029,0.583566719,0.78437135,0.510609116,0.850364367,0.819612613,0.03001712,0.0116685,0.051266289,0.013673953,0.020006901,0.003122437,1.13E-05,0.005175585,0.000697827,0.00214047,-0.003866877,-0.002840533,-0.004158878,-1.681139449,-2.934934475,0.605279393,-2.477462391,-2.535248501,-0.005882811,-0.018224283,0.045829282,-0.024280609,-0.042582345,2.257377508,2.375201572,1.407793816,2.429981136,1.891686131,0.006681448,-0.049791262,0.041856019,-0.052653505,-0.034290712,16.44317194,16.443742,16.23241767,15.68021428,16.46141333,15.49118032,0.120819952,0.1213495,0.189018781,0.10954671,0.096517638,156,533,7.88,821,3.51,12,8.917540314,0,0,0.041229874,0,25.89529558,8.917540314,0,8.917540314,153.16428,1,0.023682461
7/20/2011 8:30,727,201,25.4,2,1,0,0,319.2,0,1.82,19.2,0,22.16288562,21.5146655,22.66331396,21.54265133,21.72693029,0.238157746,0.231613023,0.199696676,0.17162445,0.442259378,0.005220314,0.017129593,0.003010869,0.015712608,0.010679139,-0.007343474,-0.00604231,-0.005559524,-0.006337551,-0.00692688,-0.003034416,-0.002369985,-0.002936309,3.84628648,4.861334549,1.50401782,4.636571373,4.438277215,0.081938126,0.002997094,0.061850408,0.008769744,0.050266313,-0.019610299,0.119233926,-0.894774693,-1.064459955,1.145043634,0.060969618,0.074730413,0.006918155,0.089771267,0.097577642,16.7849618,17.4679545,18.57439444,15.93367363,18.13114967,16.35795688,0.194972019,0.29449629,0.144869017,0.29369464,0.275544969,154,572,9.86,743,4.14,12.05,13.96139092,5.04385061,1.7087702,5.04385061,2.9312836,26.77291632,5.085080484,5.04385061,13.96139092,4.352234,1,0.028232557
7/21/2011 10:20,20.9,202,26.7,2,1,0,0,238.1,200,2.23,16.5,0,24.88105362,24.6060355,24.89522568,24.48786833,24.60639086,0.006607295,0.042527465,0.009656362,0.028351643,0.012270691,0.095582084,0.104299122,0.071573355,0.104183789,0.103910303,0.011173996,0.015197608,0.006601664,0.015293635,0.014140379,-0.005850007,-0.0030873,-0.005834211,3.889440045,0.334681349,5.219524077,0.918119333,2.015236716,0.102835862,0.084370515,0.100230889,0.088123794,0.097314768,5.363760623,5.789146487,3.302709754,5.907236886,6.299342817,0.121621443,0.114199511,0.106550169,0.112656364,0.108638049,16.05487754,11.27609775,13.67626061,15.72442988,11.53283517,16.13840682,0.449886708,0.306611105,0.440514154,0.32548805,0.410319846,147,721,7.55,967,2.51,12,13.96139092,0,0,,0,26.77291632,5.04385061,0,5.085080484,20.498657,1,0.02220198
7/25/2011 8:50,461.1,206,20.9,2,1,0,0,227,1020,2.03,17.6,0.75,21.93211408,20.873557,22.40954408,21.045828,21.44435443,0.675382788,0.71686754,0.530556358,0.81090371,0.677629336,-0.022778052,-0.037086195,-0.015491424,-0.033767881,-0.026659558,-0.00745554,-0.013281219,-0.003788648,-0.011057902,-0.008418799,-2.16E-05,0.001317229,-0.000852018,-1.597042103,-5.859006404,-1.404513551,-6.583546847,-4.481160385,-0.031198386,-0.23875282,-0.052716261,-0.244493958,-0.148964991,0.358545564,-0.885752638,0.798935297,-0.532787493,1.270365745,-0.013108007,-0.138196574,-0.024239731,-0.104854861,0.005497356,15.61621879,17.622158,17.742428,15.67526442,18.40124867,15.82380944,0.19371804,0.44201094,0.174488834,0.4187304,0.264931854,241,492,9.86,948,2.92,12,25.79973181,0.013743291,0,8.627620991,0,52.07264814,25.57721839,0,25.79973181,216.3262,1,0.023946374
7/26/2011 9:15,15.5,207,24.4,3,1,0,0,279.1,800,0.95,17.2,0.33,21.84158769,20.4468545,22.40785496,20.43649933,20.95948543,0.077170547,0,0.047217568,0,0.016300769,0.011354098,0.007935332,-0.00326784,0.009437452,0.01624291,0.000637156,0.00290498,-0.00631697,0.002406648,0.001598133,0.003285791,0.003643653,0.001528573,-0.961839509,-4.358518301,0.91410508,-3.616338882,-3.176519445,-0.072383746,-0.013065363,0.009342765,-0.027064337,-0.056385785,3.88797529,3.046426068,2.207451173,3.370120391,3.565565087,0.009222065,-0.072678889,-0.002823341,-0.069976497,-0.037307227,15.37488864,16.875687,17.26048589,16.08712334,16.76550133,16.71231384,0.239964858,0.196444125,0.271856513,0.18842264,0.194513189,232,572,15.3,1032,3.05,12,25.79973181,0,0,0,0,39.76112274,0.013743291,0,9.877620991,147.57733,1,0.023707333
7/27/2011 13:30,2419.6,208,20.3,2,1,0,0,318.4,1040,12.5,19.2,1.5,19.89702562,20.4186885,20.78758016,20.48728167,20.39267971,0.436792331,0.98010227,0.236288485,0.96275866,0.791709776,-0.006618133,0.008710131,-0.004384663,0.005130428,-0.001975928,0.001422145,0.001179997,0.001466544,0.000570369,-0.000298456,-9.23E-05,-0.006702759,0.000399371,3.243619709,8.585098866,1.598406594,7.172092522,5.395079515,0.040431271,0.192190763,0.054875309,0.153897034,0.058140142,-0.977934403,0.361517896,-2.34222765,-0.657027792,-2.275136177,0.030929609,0.004986742,-0.001360367,-0.010286456,-0.014853798,16.19548653,17.856295,18.14396022,16.28981547,17.89290767,17.9204708,0.304229673,0.6456652,0.373751198,0.617697333,0.476070427,205,625,17.5,529,28.1,12.3,29.24475873,3.66754034,1.93128362,3.66754034,2.43128362,43.42866308,3.66754034,3.66754034,3.681283631,324.40637,1,0.030688895
7/28/2011 9:05,1299.7,209,20.8,3,2,0,0,337.2,0,5.52,18.6,0,21.30640669,21.568321,21.11180436,21.55329133,21.38518314,0.979218237,1,0.97010394,1,0.980767351,0.081586387,0.064802045,0.061439299,0.067163207,0.075382373,-0.002103572,0.000913952,-0.000440608,0.000864098,0.000235127,-0.004939824,-0.00716208,-0.002716392,0.786889993,-2.344446974,4.307084418,-2.344498345,-1.934237305,0.100994832,0.026911473,0.148696239,0.038054569,0.068760329,-0.393229288,2.605167239,-0.846182014,2.520602244,1.74468594,0.042525001,0.032076105,0.039630442,0.032525316,0.020189126,16.17899281,13.32449275,14.25291561,16.05814135,12.94806717,16.44814662,0.510286858,0.12335937,0.675227205,0.11027382,0.231411396,188,640,20.6,929,5.56,11.9,15.03141803,0,0,5.15379704,0,44.91491978,5.15379704,0,5.15379704,136.47037,1,0.031765929
8/1/2011 9:30,98.6,213,28.5,3,2,0,0,358.6,0,2.2,19,0,23.28861346,22.5427235,24.128933,22.45196233,22.72298557,0.254726771,0.358078715,0.197369049,0.459081727,0.359611408,0.023641662,0.019902171,0.026162092,0.020464882,0.022176434,0.004352327,0.003070117,0.007002074,0.003176955,0.003435735,-0.003633702,-0.009668222,-0.004292626,0.045875898,-2.532282802,1.123395528,-2.591062257,-1.230127301,-0.026370297,-0.065507386,-0.032616104,-0.062327689,-0.037620946,3.881411574,3.025196527,4.626527844,3.064143497,3.861719344,0.041252414,0.02392024,0.053359127,0.031990644,0.037659453,15.88058914,13.1027465,13.74444861,15.88504192,13.323122,15.93084466,0.153320719,0.16403726,0.194191951,0.162252717,0.159345166,159,582,14.8,1132,6.32,11.9,9.266364031,0,0,0,0,40.15117633,3.1276207,0,3.1276207,138.91779,1,0.026271898
8/2/2011 13:00,57.3,214,22.7,3,2,0,0,325.5,1000,1.24,18.3,0,22.86042992,23.4035065,23.51858916,23.19638333,22.95807014,0.45698592,0.47533025,0.257634738,0.554703633,0.323558175,0.021261092,0.019878916,0.018338191,0.019403084,0.020538418,0.00594338,0.008051043,0.004262308,0.007668345,0.006724693,-0.002565584,-0.003320189,-0.003387232,0.829023678,0.72486719,1.586457287,0.606113999,-0.402275345,0.017022403,0.100676047,0.05776998,0.099677124,0.066220705,-0.994545868,0.482276751,-0.705245791,-0.622534997,-1.323369446,-0.001739002,0.024339857,0.017510602,0.004051611,-0.041450083,15.74721961,17.3265825,17.30587756,15.97053872,16.53374133,16.03963326,0.139903862,0.070690378,0.122067556,0.093272989,0.10595703,134,664,14.9,1107,3.16,11.9,5.960080411,1.84751342,1.48625671,1.84751342,1.48625671,41.95745987,1.84751342,1.73625671,4.97513412,335.079,1,0.026135843
8/3/2011 8:10,218.7,215,20.7,2,2,0,0,325.2,703,5.04,19.5,0,23.19007131,22.5928365,23.29259312,22.60835833,22.77751257,0.706588028,0.820389875,0.570218438,0.833827617,0.836657687,0.028141445,0.020785203,0.025798753,0.021103657,0.024182606,0.007149091,-0.000622571,0.007041343,0.000908107,0.005852561,-0.001946961,0.001631342,-0.001570905,-4.054395456,-5.819255024,-0.697922061,-5.703195237,-5.836308095,-0.060716644,-0.034015128,0.023580029,-0.049882461,-0.081150599,1.283722116,2.323702391,0.10122163,2.262510816,2.727353188,-0.021074506,-0.120803045,0.003820383,-0.11846822,-0.097943951,15.92326954,15.184891,15.78138583,15.74590772,14.55773067,15.47789444,0.293834382,0.3487554,0.269049457,0.351058467,0.338385097,117,635,12.5,1149,2.15,11.85,7.60013412,0,0,4.11125671,0,39.53860926,4.47251342,0,4.47251342,199.94455,1,0.033839558
8/8/2011 14:35,89.2,220,25,2,2,0,0,441.5,10,1.19,26,0.33,22.05460938,23.5078995,22.69280304,23.545118,22.63115571,0.161787627,0.320030785,0.383040991,0.435290057,0.196610781,-0.011821367,-0.027682428,0.009052865,-0.028291727,-0.024867716,0.00057328,-0.004670995,0.001588986,-0.004730136,-0.001338187,0.001537099,9.27E-05,0.001210247,-3.140382942,1.197808229,-3.815463602,0.110357752,-2.163366718,-0.0180002,-0.019036242,-0.01979901,-0.044790072,-0.070688702,0.016362661,-5.909838695,0.790926284,-5.17554542,-1.776138846,-0.020918228,-0.131084494,-0.029887264,-0.109835619,-0.044704472,18.68704717,19.1709975,18.843391,17.28001715,19.22531867,19.51976184,0.402991144,0.44876258,0.356369414,0.441351027,0.412618981,85,548,12.6,1136,1.38,11.9,1.9862567,0,0,0,0,15.72513415,1.9862567,0,1.9862567,251.96094,1,0.041279998
8/9/2011 9:00,172.2,221,20.7,3,3,0,0,406.9,210,1.5,21.9,0,21.83197177,21.582827,22.48156556,21.49813133,21.424087,0.112406102,0.25263331,0.126326248,0.254189923,0.132711493,-0.022155482,-0.004479376,-0.023118205,-0.007881258,-0.018403887,-0.00781045,-0.006186075,-0.005188975,-0.006796178,-0.009101698,-0.000863656,-0.002241153,0.001243746,1.815182844,4.050204989,1.186149464,4.079970941,3.138630044,-0.059080686,0.005219356,-0.003300074,-0.015274989,-0.092412553,4.27354859,5.580640046,0.632434356,5.084600521,4.774862285,0.07493107,0.057590616,0.012755543,0.04173789,0.032694967,19.31472196,18.907362,19.94542478,17.45800346,19.027865,19.50882516,0.205500447,0.340465375,0.297078825,0.315001177,0.260678537,80,705,16.7,1143,2.27,11.85,1.9862567,0,0,0,0,15.72513415,0,0,1.9862567,41.35943,1,0.032608269
8/10/2011 8:50,2419.6,222,17.6,2,1,0,0,302.9,404,1.01,21.1,1,21.34348277,19.657293,22.2375478,19.76848567,20.31105857,0.294299196,0.042913838,0.439545832,0.045922756,0.136099592,-0.023349798,-0.055505266,-0.005799515,-0.055949731,-0.0483122,-0.014221605,-0.03350852,-0.008713795,-0.031291078,-0.02479417,0.002836472,-0.000961471,-0.000863434,-3.086055067,-4.154813584,-1.618641261,-4.346482743,-3.769707524,-0.087594287,-0.081261263,-0.075859772,-0.081769815,-0.079867788,7.284846019,5.831918504,7.812133572,6.173399247,6.501626558,-0.000192501,-0.02600571,0.043453833,-0.023811022,-0.025902571,18.6184548,12.38369,14.65735611,17.17129604,12.32554067,17.56721292,0.404623753,0.382896725,0.412318301,0.38659533,0.38725697,78,669,17.1,1156,2.96,11.9,1.9862567,0,0,0,0,15.72513415,0,0,0,139.64508,1,0.027777122
8/11/2011 9:40,201.4,223,21.2,2,2,0,0,613,270,1.84,21.4,0,20.37343438,19.568674,21.2856964,19.49424233,19.61082729,0.078939088,0.032743588,0.134876888,0.021829059,0.053170297,-0.011119194,-0.002236751,-0.022892959,-0.003553612,-0.006760082,-0.024443625,-0.015594162,-0.029667059,-0.016923218,-0.021487408,0.007326692,0.004322051,0.005991911,-0.434780786,0.272780403,-2.352324022,0.130509744,-0.262018319,-0.025433819,-0.024085512,-0.057302053,-0.024401273,-0.026653498,5.371527002,5.054876259,6.280843193,5.316769327,5.547242032,-0.005639652,-0.005370351,-0.011850375,-0.000746038,0.003980632,17.78394103,15.16235975,14.46331894,17.1503344,15.2136065,16.15120698,0.244994135,0.241644,0.344625731,0.247924183,0.24931661,74,580,13.5,1111,2.51,11.85,1.9862567,0,0,0,0,10.57133711,0,0,0,106.91489,1,0.045429767
8/15/2011 13:40,73.8,227,26,2,2,0,3,466.7,0,5.51,25.4,0.33,19.25178615,22.1161575,20.29812476,21.774,19.93333414,0.05306227,0.000152267,0.149857432,0.179235745,0.079731655,-0.076173924,-0.075074435,-0.10015091,-0.073429093,-0.070864305,-0.026803903,-0.032664194,-0.016422374,-0.032332226,-0.031461895,0.007855612,0.024731469,0.005528039,-2.544208283,-3.114796289,-3.460017736,-2.601316059,-1.928549021,-0.128065109,-0.072978452,-0.124446202,-0.067402766,-0.087836734,3.869595615,1.549669968,1.500436452,2.195938838,3.238127194,-0.035894508,-0.064417532,-0.051521702,-0.069226053,-0.070434454,16.18374638,19.26367,19.01309644,17.58946102,19.396576,17.60631988,0.234977796,0.113152843,0.504738397,0.127750445,0.164771127,61,508,15.2,1068,4.49,11.85,6.02879704,0,0,0,0,12.48756716,0,0,6.02879704,144.76227,1,0.025379973
8/16/2011 9:15,224.7,228,22.8,1,2,0,0,318.9,100,0.77,21.9,0,20.21215377,19.470695,21.01610332,19.563555,19.661374,0.276760216,0.049562453,0.215537715,0.104164738,0.399484765,-0.024099469,-0.01243031,-0.046380542,-0.012872345,-0.014602361,-0.015784708,-0.015719357,-0.022218045,-0.015600792,-0.013848788,0.00696627,-0.000826704,0.007709791,0.271630168,-0.960213539,0.26843551,-0.602854538,-1.195099698,-0.050653912,-0.064922377,-0.050210479,-0.067582128,-0.072958549,2.629776599,3.747605682,0.946249912,4.302764114,3.614099961,0.000148273,0.00080349,-0.034796438,0.002610219,-0.00526649,17.08142726,18.912272,19.62390933,17.73979828,19.060208,18.5329794,0.167714716,0.186085395,0.156824107,0.192336433,0.151277148,59,587,11.2,1094,1.15,11.85,6.02879704,0,0,0,0,12.12631045,0,0,0,107.14554,1,0.024848244
8/17/2011 9:00,150,229,23.4,2,2,0,0,316.3,25,4.42,21.5,0,20.98789592,20.8642835,21.67813936,20.847058,20.67857271,0.197501259,0.69566482,0.143265954,0.480852259,0.292747532,0.080796018,0.114864724,0.046506331,0.110820651,0.096967966,-0.0004939,0.003963045,-0.006848895,0.003035351,0.001359991,-0.005630933,-0.013916366,-0.001250764,5.046004394,5.243438304,4.447062423,5.439849985,4.454169583,0.144030594,0.17319674,0.109081176,0.156830453,0.132339611,2.401813804,4.508990389,0.460379595,4.598452252,3.897634509,0.088679991,0.079829184,0.027992039,0.084094728,0.091147348,17.81253291,17.161496,18.853573,17.9501915,17.54935267,19.09755976,0.456948902,0.5592521,0.348817591,0.5034753,0.443843191,56,584,15.7,1110,5.39,11.85,6.82002688,0.79122984,0.79122984,0.79122984,0.79122984,8.80628358,0.79122984,0.79122984,0.79122984,20.579483,1,0.060165805
8/21/2011 13:30,167.4,233,22.8,3,2,0,6,297,0,1.8,23.3,0,20.15521469,21.6520275,20.95190148,21.28655633,20.36938657,0.375048157,0.144858149,0.30437854,0.374176632,0.397857841,0.034252916,0.022473209,0.044088091,0.024098858,0.027228079,0.010080059,-0.00061493,0.013871197,0.000132387,0.004392893,-0.006427037,-0.005866613,-0.006324195,-1.967995684,-3.556377989,-0.660926733,-3.329194109,-2.058424772,-0.0310968,-0.035626058,0.030940313,-0.028322061,-0.03103419,5.100564461,6.793600717,2.42423032,6.686461938,5.948522447,0.019440296,0.014079398,0.014150871,0.007556191,-0.006539513,17.81463074,15.9562665,17.17557122,17.32257911,15.93067233,17.2788926,0.228527201,0.36446389,0.219274496,0.342868683,0.27711086,43,675,9.82,1120,3.64,11.85,1.04122984,0,0,0.25,0,7.07002688,0.25,0,0.25,133.06958,1,0.03744689
8/22/2011 8:40,2419.6,234,19.2,2,2,0,0,0,25,1.79,19.6,0.33,19.54620654,18.561656,20.48776772,18.58111133,18.61292629,0.355386097,0.575070485,0.353021766,0.706332377,0.564254927,-0.016529162,-0.026899545,0.002195719,-0.026251299,-0.024461108,-0.022091898,-0.018700764,-0.013023223,-0.01882638,-0.020185236,-0.0003089,6.23E-05,-0.003216052,-3.183858996,-1.648044437,-2.925200765,-2.607078041,-2.980394117,-0.0536849,-0.052423268,-0.056229164,-0.049757216,-0.038286446,4.29419678,4.685680681,5.494595981,4.381083114,3.644801416,-0.023630744,0.008264607,-0.009722145,0.005831275,-0.006325906,17.38956262,16.3627615,16.27259622,17.20529403,16.416721,17.16769568,0.254334127,0.228454075,0.297124652,0.232197513,0.218471164,41,622,15.9,1147,2.56,11.85,1.414919451,0.027486581,0,0.373689611,0,7.443716491,0.623689611,0,0.623689611,158.5899,1,0.042390859
8/23/2011 14:30,2419.6,235,,,,3,,,50,,18.7,1,20.71199754,22.105842,21.38522528,22.132694,21.14349814,0.174174249,0.68098415,0.127876939,0.662955113,0.323466463,0.074008325,0.113257312,0.036237563,0.10758516,0.091132925,0.004376238,0.007136697,0.0003537,0.006239421,0.004892155,-0.001609731,-0.006541317,-0.001396524,6.299406689,7.336687471,5.151944132,7.837876039,7.181741879,0.105961205,0.193090051,0.056441422,0.187274864,0.131493473,1.646446127,2.047373647,2.165830291,1.659202117,0.807832986,0.068932386,0.06369712,0.052669147,0.059190437,0.051665457,16.80225956,15.1543105,15.98150344,16.86071665,15.256931,16.52588124,0.573593679,0.83467045,0.444911309,0.7996019,0.634110154,42,677,,,,,0.623689611,0,0,0,0,7.443716491,0.373689611,0,0.623689611,0.057525635,1,0.024130985
8/24/2011 18:30,178,236,,,,0,,,0,,13.4,0.5,22.767097,24.656948,22.34609988,24.753858,24.19889471,0.362264743,0,0.487403517,0.022823085,0.252740848,0.134569248,0.12078062,0.141848284,0.121848888,0.12454261,0.025806101,0.025920939,0.019503148,0.025927852,0.028674959,-0.005852434,-0.001620554,-0.004118528,3.476285922,0.793724857,4.396224036,0.764335056,1.631688143,0.118436366,0.080291499,0.14996118,0.082156616,0.103706103,5.309377677,8.197596384,4.321204043,8.408535052,7.726967135,0.104544147,0.105836033,0.107054473,0.111839062,0.120381129,15.88846816,11.268192,11.68970611,16.73961754,10.85862733,14.49811284,0.598693008,0.3726338,0.826405804,0.405297557,0.526581524,48,605,,,,,8.301042185,0,0,7.677352574,0,15.12106907,7.677352574,0,8.051042185,37.823895,1,0.034943472
8/25/2011 11:57,13.2,237,,1,1,1,,,0,,13.4,0.5,20.84090023,20.722486,22.23946412,20.45069733,20.35918186,0.124547172,0.068067457,0.191736155,0.068244801,0.209109346,0.063660833,0.038977851,0.092272936,0.039715675,0.045945679,0.00911622,-0.002336833,0.016684583,-0.000733733,0.004451015,-0.005649816,-0.008541044,-0.005176884,-3.500110572,-6.366368467,-1.609044333,-5.758523824,-4.241708371,0.0157804,0.015626792,0.05526851,0.016159671,0.011328148,6.601651434,4.591875286,7.1227565,4.822486305,5.515796993,0.017365885,-0.012557525,0.060524227,-0.010375361,-0.002149346,15.31217222,11.765788,11.16890011,16.58478042,11.67163967,13.51443592,0.383132216,0.379743275,0.435081361,0.37525285,0.355741166,51,648,,,,,8.301042185,0,0,0,0,15.12106907,7.677352574,0,7.677352574,148.94821,1,0.041869695
8/27/2011 11:25,2419.6,239,23.6,1,4,3,0,284,0,45.8,15.6,1.33,20.90326623,21.074928,21.34715984,20.881591,20.74789029,0.297369001,0.002962997,0.202497377,0.006560976,0.05141297,0.112001868,0.103277112,0.089542989,0.105225213,0.11411717,0.017811019,0.002314945,0.013444817,0.003728221,0.011037466,-0.006955945,-0.003657275,-0.006768885,-1.672310994,-7.029712485,2.437895358,-6.820236876,-5.486842434,0.094860731,0.047034363,0.126339427,0.04581032,0.061391023,2.251864047,-0.492506214,0.73175471,-0.286853874,1.639365086,0.093470021,0.002572488,0.076489043,0.014075551,0.062636293,14.15168478,12.25888875,13.74534339,16.2871432,12.42957517,13.020715,0.350603705,0.37584926,0.414585499,0.357486933,0.27411342,45,666,11.8,1059,8.74,12.05,7.677352574,0,0,0,0,9.092272025,0,0,0,193.94574,1,0.036422675
8/28/2011 12:15,33.6,240,23,2,1,2,2,271,15,,19.8,1,18.62709385,19.837249,19.98613216,19.46108633,18.54838586,0,0,0,0,0,-0.00721021,-0.028743948,0.025807894,-0.02706385,-0.020910788,-0.015505243,-0.034281839,-0.007204932,-0.034077933,-0.027791561,-0.003573505,-0.010167634,-0.003700726,-5.621171828,-5.299058671,-5.459655162,-5.72375601,-5.702941334,-0.008512921,-0.015813165,0.035954324,-0.014661005,-0.025333754,-0.072197557,-1.093808848,-1.353713259,-0.532025133,0.050106499,-0.06649259,-0.099952158,-0.049916189,-0.103844941,-0.102148295,13.89808747,15.488365,14.91329156,16.11104454,15.486863,14.36869592,0.576891569,0.637169185,0.515734522,0.62620319,0.609415024,37,691,14.5,587,9.45,12.01,7.677352574,0,0,0,0,9.092272025,0,0,0,242.95941,1,0.036507633
8/29/2011 13:00,203.5,241,,3,3,8,,,150,22.8,19.6,1,18.59624977,21.77071,19.54512808,21.31254,19.50248771,0.155834711,0.227519412,0.094716104,0.151679608,0.280295126,-0.003041133,0.011273991,-0.015059975,0.010472758,0.005198356,-0.001948071,-0.000758217,-0.009320917,-0.000860423,-0.001339567,-0.000583003,0.006158461,-0.000276634,-0.872437842,2.199416294,-2.178114009,2.061953295,0.399620831,-0.086160001,-0.021974869,-0.039926345,-0.024182499,-0.049316757,5.05122614,5.300262465,2.005198438,5.58084562,5.669195982,0.001233848,0.016066814,-0.02505616,0.009916831,-0.007047145,13.97357182,15.689421,16.44121644,15.93845858,15.82183167,15.03875154,0.242304995,0.23467564,0.393316107,0.243287693,0.251552227,34,652,22,432.1,2.63,12.25,0,0,0,0,0,9.092272025,0,0,0,90.36423,1,0.037265468
8/30/2011 9:31,88.4,242,,4,4,0,,,40,2.34,20.8,0.5,19.93062685,19.711646,20.78686056,19.69636733,19.62602057,0.014898675,0.00168094,0.202761078,0.001120627,0.000480269,0.05017931,0.060535214,0.032812115,0.060422019,0.058705806,-0.000702026,-0.005297437,-0.000240307,-0.005092874,-0.003377448,-0.002003179,-0.006921842,-0.001211664,3.580638233,1.387806525,2.919944579,1.302212624,1.768595299,0.061652951,0.012843411,0.017744762,0.014837817,0.039814844,3.626920676,5.038701372,4.296519794,5.19118813,5.147728077,0.061694988,0.042443702,0.047008879,0.050532825,0.070213559,14.40194245,15.23815,16.10525056,15.71790541,15.54339633,15.68905902,0.432964966,0.29326393,0.335654184,0.313346843,0.4040931,33,605,9.82,1111,5.48,11.87,0,0,0,0,0,9.092272025,0,0,0,29.279541,1,0.028129305
